Dataset	Metric	Type	Lower	Upper	Range
DLPFC	Accuracy	Alignment	0.1725180228	0.7800272376	0.6075092148000001
DLPFC	CHAOS	Clustering	-0.083357573	-0.0579238314	0.025433741600000004
DLPFC	GC	Integration	0.251099158	0.994435774	0.7433366160000001
DLPFC	ILL	Integration	0.2107166615	0.6972805699	0.48656390839999997
DLPFC	PAS	Clustering	-0.9851830054	-0.0319339626	0.9532490428
DLPFC	Ratio	Alignment	-6.7107775281	-0.6944393312	6.0163381969000005
DLPFC	ari	Clustering	-0.000186162	0.4523700652	0.4525562272
DLPFC	bASW	Integration	0.2440876029	0.9957724646	0.7516848617
DLPFC	dASW	Integration	0.2840705067	0.529559778	0.24548927129999998
DLPFC	dLISI	Integration	0.4108191232	0.9471929148	0.5363737916
DLPFC	iLISI	Integration	0.0075638222	0.7943515828	0.7867877606
DLPFC	nmi	Clustering	0.0005024252	0.6001937279	0.5996913027
DLPFC	silhouette	Clustering	-0.0083979275	0.961053431	0.9694513585
E8p5Embryo	Accuracy	Alignment			
E8p5Embryo	CHAOS	Clustering	-0.1439571424	-0.0523634444	0.09159369799999999
E8p5Embryo	GC	Integration			
E8p5Embryo	ILL	Integration			
E8p5Embryo	PAS	Clustering	-0.99875	-0.0840833333	0.9146666667000001
E8p5Embryo	Ratio	Alignment			
E8p5Embryo	bASW	Integration			
E8p5Embryo	dASW	Integration			
E8p5Embryo	dLISI	Integration			
E8p5Embryo	iLISI	Integration	0.1377449855	0.71928525	0.5815402645
E8p5Embryo	silhouette	Clustering	-0.1907085478	0.6791920066	0.8699005544
E9p5Embryo	Accuracy	Alignment			
E9p5Embryo	CHAOS	Clustering	-0.1417381788	-0.0476497694	0.0940884094
E9p5Embryo	GC	Integration			
E9p5Embryo	ILL	Integration			
E9p5Embryo	PAS	Clustering	-0.9985	-0.0096666667	0.9888333333
E9p5Embryo	Ratio	Alignment			
E9p5Embryo	bASW	Integration			
E9p5Embryo	dASW	Integration			
E9p5Embryo	dLISI	Integration			
E9p5Embryo	iLISI	Integration	0.0914931659	0.7177198811	0.6262267152
E9p5Embryo	silhouette	Clustering	-0.198978886	0.7082412839	0.9072201699
MouseBrainSerialSections	Accuracy	Alignment	0.043	0.22675	0.18375000000000002
MouseBrainSerialSections	CHAOS	Clustering	-0.1061590898	-0.0619387991	0.0442202907
MouseBrainSerialSections	GC	Integration	0.3028900591	0.973845928	0.6709558689
MouseBrainSerialSections	ILL	Integration	0.0472440945	0.4671280277	0.4198839332
MouseBrainSerialSections	PAS	Clustering	-0.9958085485	-0.0191781398	0.9766304087
MouseBrainSerialSections	Ratio	Alignment	-7.7958592832	-0.7478265868	7.0480326964
MouseBrainSerialSections	ari	Clustering	-0.0020895533	0.4003860445	0.4024755978
MouseBrainSerialSections	bASW	Integration	0.0897153541	0.999746077	0.9100307229
MouseBrainSerialSections	dASW	Integration	0.3145878315	0.4993068189	0.18471898739999998
MouseBrainSerialSections	dLISI	Integration	0.4626195957	0.9526374718	0.4900178761
MouseBrainSerialSections	iLISI	Integration	0.0	0.8924709272	0.8924709272
MouseBrainSerialSections	nmi	Clustering	0.001924509	0.5144572689	0.5125327599
MouseBrainSerialSections	silhouette	Clustering	0.0074530495	0.7816323638	0.7741793143
STOmics0212	Accuracy	Alignment	0.1894623157	0.3567744683	0.16731215259999999
STOmics0212	CHAOS	Clustering	-0.1856503215	-0.1126210799	0.07302924159999999
STOmics0212	GC	Integration	0.6033521482	0.993009854	0.3896577057999999
STOmics0212	ILL	Integration	0.0184385747	0.5382319173	0.5197933426
STOmics0212	PAS	Clustering	-0.9880037762	-0.0660565232	0.921947253
STOmics0212	Ratio	Alignment	-4.1614394451	-0.6382264674	3.5232129777
STOmics0212	ari	Clustering	-0.0002206589	0.2371405652	0.2373612241
STOmics0212	bASW	Integration	0.432437861	0.9834856364	0.5510477754
STOmics0212	dASW	Integration	0.310399726	0.4918069784	0.1814072524
STOmics0212	dLISI	Integration	0.6471079913	0.9153984977	0.2682905064000001
STOmics0212	iLISI	Integration	0.008370991	0.502633823	0.49426283200000004
STOmics0212	nmi	Clustering	0.0014403312	0.2567779791	0.2553376479
STOmics0212	silhouette	Clustering	0.0069489772	0.8947451711	0.8877961939
STOmics0218	Accuracy	Alignment	0.4393747628	0.7850078431	0.34563308030000006
STOmics0218	CHAOS	Clustering	-0.1378764443	-0.069422829	0.0684536153
STOmics0218	GC	Integration	0.2520455251	0.9582334732	0.7061879481
STOmics0218	ILL	Integration	0.0123288843	0.4748808875	0.4625520032
STOmics0218	PAS	Clustering	-0.9942490415	-0.0200033339	0.9742457076000001
STOmics0218	Ratio	Alignment	-8.0485172689	-0.792664972	7.2558522969
STOmics0218	ari	Clustering	-0.1110317494	0.3681708531	0.47920260249999996
STOmics0218	bASW	Integration	0.1613665074	0.9883929407	0.8270264332999999
STOmics0218	dASW	Integration	0.0220600963	0.5709030554	0.5488429590999999
STOmics0218	dLISI	Integration	0.8523527708	0.9674065224	0.11505375159999998
STOmics0218	iLISI	Integration	1.36225e-05	0.6864817058	0.6864680833
STOmics0218	nmi	Clustering	0.0011588371	0.4268709421	0.425712105
STOmics0218	silhouette	Clustering	0.015320247	0.9701378942	0.9548176472
STOmics0224	Accuracy	Alignment	0.1710417242	0.2122509102	0.04120918600000001
STOmics0224	CHAOS	Clustering	-0.1366182289	-0.0737062374	0.0629119915
STOmics0224	GC	Integration	0.2142387831	0.8852719372	0.6710331541
STOmics0224	ILL	Integration	0.0	0.1467889908	0.1467889908
STOmics0224	PAS	Clustering	-0.9899166667	-0.1013333333	0.8885833334
STOmics0224	Ratio	Alignment	-3.2851703862	-0.7351642516	2.5500061346
STOmics0224	ari	Clustering	-9.60357e-05	0.0704837642	0.07057979989999999
STOmics0224	bASW	Integration	0.8431200736	0.9963378445	0.1532177709
STOmics0224	dASW	Integration	0.3717963696	0.4930197382	0.12122336859999999
STOmics0224	dLISI	Integration	0.514096895	0.7267643555	0.21266746049999996
STOmics0224	iLISI	Integration	0.0109709477	0.6555512068	0.6445802591
STOmics0224	nmi	Clustering	0.0008901732	0.1279937616	0.1271035884
STOmics0224	silhouette	Clustering	-0.0064567267	0.5925008655	0.5989575922
STOmicsVisium5Samples	Accuracy	Alignment	0.10615	0.26425	0.1581
STOmicsVisium5Samples	CHAOS	Clustering	-0.1030627511	-0.0518635876	0.051199163500000006
STOmicsVisium5Samples	GC	Integration	0.0934730926	0.908440284	0.8149671914
STOmicsVisium5Samples	ILL	Integration	0.0	0.6132142857	0.6132142857
STOmicsVisium5Samples	PAS	Clustering	-0.9991987179	-0.0	0.9991987179
STOmicsVisium5Samples	Ratio	Alignment	-11.2877123795	-0.8023411628	10.4853712167
STOmicsVisium5Samples	ari	Clustering	-8.34073e-05	0.2992252707	0.299308678
STOmicsVisium5Samples	bASW	Integration	0.0	1.0	1.0
STOmicsVisium5Samples	dASW	Integration	0.0060440302	0.5	0.4939559698
STOmicsVisium5Samples	dLISI	Integration	0.6457475403	0.9438511934	0.2981036531
STOmicsVisium5Samples	iLISI	Integration	0.0	0.7555969733	0.7555969733
STOmicsVisium5Samples	nmi	Clustering	0.0	0.3306331812	0.3306331812
STOmicsVisium5Samples	silhouette	Clustering	-0.0561974607	1.0	1.0561974607
