ENSEMBL	Gene	Species
ENSG00000137203	TFAP2A	Human
ENSG00000008196	TFAP2B	Human
ENSG00000087510	TFAP2C	Human
ENSG00000008197	TFAP2D	Human
ENSG00000116819	TFAP2E	Human
ENSG00000116017	ARID3A	Human
ENSG00000179361	ARID3B	Human
ENSG00000205143	ARID3C	Human
ENSG00000196843	ARID5A	Human
ENSG00000150347	ARID5B	Human
ENSG00000117139	KDM5B	Human
ENSG00000189079	ARID2	Human
ENSG00000153207	AHCTF1	Human
ENSG00000126705	AHDC1	Human
ENSG00000106948	AKNA	Human
ENSG00000116539	ASH1L	Human
ENSG00000173894	CBX2	Human
ENSG00000101457	DNTTIP1	Human
ENSG00000104885	DOT1L	Human
ENSG00000140632	GLYR1	Human
ENSG00000137309	HMGA1	Human
ENSG00000149948	HMGA2	Human
ENSG00000025293	PHF20	Human
ENSG00000135365	PHF21A	Human
ENSG00000126464	PRR12	Human
ENSG00000146285	SCML4	Human
ENSG00000152217	SETBP1	Human
ENSG00000080603	SRCAP	Human
ENSG00000188070	C11orf95	Human
ENSG00000237765	FAM200B	Human
ENSG00000141258	SGSM2	Human
ENSG00000214717	ZBED1	Human
ENSG00000177494	ZBED2	Human
ENSG00000132846	ZBED3	Human
ENSG00000100426	ZBED4	Human
ENSG00000236287	ZBED5	Human
ENSG00000257315	ZBED6	Human
ENSG00000232040	ZBED9	Human
ENSG00000106546	AHR	Human
ENSG00000063438	AHRR	Human
ENSG00000143437	ARNT	Human
ENSG00000172379	ARNT2	Human
ENSG00000133794	ARNTL	Human
ENSG00000029153	ARNTL2	Human
ENSG00000139352	ASCL1	Human
ENSG00000183734	ASCL2	Human
ENSG00000176009	ASCL3	Human
ENSG00000187855	ASCL4	Human
ENSG00000232237	ASCL5	Human
ENSG00000172238	ATOH1	Human
ENSG00000179774	ATOH7	Human
ENSG00000168874	ATOH8	Human
ENSG00000180535	BHLHA15	Human
ENSG00000205899	BHLHA9	Human
ENSG00000180828	BHLHE22	Human
ENSG00000125533	BHLHE23	Human
ENSG00000134107	BHLHE40	Human
ENSG00000123095	BHLHE41	Human
ENSG00000250709	CCDC169-SOHLH2	Human
ENSG00000134852	CLOCK	Human
ENSG00000116016	EPAS1	Human
ENSG00000146618	FERD3L	Human
ENSG00000183733	FIGLA	Human
ENSG00000113196	HAND1	Human
ENSG00000164107	HAND2	Human
ENSG00000187821	HELT	Human
ENSG00000114315	HES1	Human
ENSG00000069812	HES2	Human
ENSG00000173673	HES3	Human
ENSG00000188290	HES4	Human
ENSG00000197921	HES5	Human
ENSG00000144485	HES6	Human
ENSG00000179111	HES7	Human
ENSG00000164683	HEY1	Human
ENSG00000135547	HEY2	Human
ENSG00000163909	HEYL	Human
ENSG00000100644	HIF1A	Human
ENSG00000124440	HIF3A	Human
ENSG00000104903	LYL1	Human
ENSG00000125952	MAX	Human
ENSG00000166823	MESP1	Human
ENSG00000188095	MESP2	Human
ENSG00000187098	MITF	Human
ENSG00000108788	MLX	Human
ENSG00000175727	MLXIP	Human
ENSG00000009950	MLXIPL	Human
ENSG00000070444	MNT	Human
ENSG00000178860	MSC	Human
ENSG00000151379	MSGN1	Human
ENSG00000059728	MXD1	Human
ENSG00000213347	MXD3	Human
ENSG00000123933	MXD4	Human
ENSG00000119950	MXI1	Human
ENSG00000136997	MYC	Human
ENSG00000116990	MYCL	Human
ENSG00000134323	MYCN	Human
ENSG00000111049	MYF5	Human
ENSG00000111046	MYF6	Human
ENSG00000129152	MYOD1	Human
ENSG00000122180	MYOG	Human
ENSG00000084676	NCOA1	Human
ENSG00000140396	NCOA2	Human
ENSG00000124151	NCOA3	Human
ENSG00000162992	NEUROD1	Human
ENSG00000171532	NEUROD2	Human
ENSG00000123307	NEUROD4	Human
ENSG00000164600	NEUROD6	Human
ENSG00000181965	NEUROG1	Human
ENSG00000178403	NEUROG2	Human
ENSG00000122859	NEUROG3	Human
ENSG00000171786	NHLH1	Human
ENSG00000177551	NHLH2	Human
ENSG00000130751	NPAS1	Human
ENSG00000170485	NPAS2	Human
ENSG00000151322	NPAS3	Human
ENSG00000174576	NPAS4	Human
ENSG00000184221	OLIG1	Human
ENSG00000205927	OLIG2	Human
ENSG00000177468	OLIG3	Human
ENSG00000168267	PTF1A	Human
ENSG00000260428	SCX	Human
ENSG00000112246	SIM1	Human
ENSG00000159263	SIM2	Human
ENSG00000165643	SOHLH1	Human
ENSG00000120669	SOHLH2	Human
ENSG00000072310	SREBF1	Human
ENSG00000198911	SREBF2	Human
ENSG00000162367	TAL1	Human
ENSG00000186051	TAL2	Human
ENSG00000140262	TCF12	Human
ENSG00000125878	TCF15	Human
ENSG00000118526	TCF21	Human
ENSG00000163792	TCF23	Human
ENSG00000261787	TCF24	Human
ENSG00000071564	TCF3	Human
ENSG00000196628	TCF4	Human
ENSG00000101190	TCFL5	Human
ENSG00000090447	TFAP4	Human
ENSG00000068323	TFE3	Human
ENSG00000112561	TFEB	Human
ENSG00000105967	TFEC	Human
ENSG00000122691	TWIST1	Human
ENSG00000233608	TWIST2	Human
ENSG00000158773	USF1	Human
ENSG00000105698	USF2	Human
ENSG00000176542	USF3	Human
ENSG00000143157	POGK	Human
ENSG00000267281	AC023509.3	Human
ENSG00000123268	ATF1	Human
ENSG00000115966	ATF2	Human
ENSG00000162772	ATF3	Human
ENSG00000128272	ATF4	Human
ENSG00000169136	ATF5	Human
ENSG00000118217	ATF6	Human
ENSG00000213676	ATF6B	Human
ENSG00000170653	ATF7	Human
ENSG00000156273	BACH1	Human
ENSG00000112182	BACH2	Human
ENSG00000156127	BATF	Human
ENSG00000168062	BATF2	Human
ENSG00000123685	BATF3	Human
ENSG00000245848	CEBPA	Human
ENSG00000172216	CEBPB	Human
ENSG00000221869	CEBPD	Human
ENSG00000092067	CEBPE	Human
ENSG00000153879	CEBPG	Human
ENSG00000118260	CREB1	Human
ENSG00000107175	CREB3	Human
ENSG00000157613	CREB3L1	Human
ENSG00000182158	CREB3L2	Human
ENSG00000060566	CREB3L3	Human
ENSG00000143578	CREB3L4	Human
ENSG00000146592	CREB5	Human
ENSG00000111269	CREBL2	Human
ENSG00000137504	CREBZF	Human
ENSG00000095794	CREM	Human
ENSG00000105516	DBP	Human
ENSG00000175197	DDIT3	Human
ENSG00000170345	FOS	Human
ENSG00000125740	FOSB	Human
ENSG00000175592	FOSL1	Human
ENSG00000075426	FOSL2	Human
ENSG00000108924	HLF	Human
ENSG00000140044	JDP2	Human
ENSG00000177606	JUN	Human
ENSG00000171223	JUNB	Human
ENSG00000130522	JUND	Human
ENSG00000178573	MAF	Human
ENSG00000182759	MAFA	Human
ENSG00000204103	MAFB	Human
ENSG00000185022	MAFF	Human
ENSG00000197063	MAFG	Human
ENSG00000198517	MAFK	Human
ENSG00000123405	NFE2	Human
ENSG00000082641	NFE2L1	Human
ENSG00000116044	NFE2L2	Human
ENSG00000050344	NFE2L3	Human
ENSG00000165030	NFIL3	Human
ENSG00000129535	NRL	Human
ENSG00000167074	TEF	Human
ENSG00000100219	XBP1	Human
ENSG00000267179	AC008770.3	Human
ENSG00000233757	AC092835.1	Human
ENSG00000264668	AC138696.1	Human
ENSG00000139154	AEBP2	Human
ENSG00000105127	AKAP8	Human
ENSG00000011243	AKAP8L	Human
ENSG00000163516	ANKZF1	Human
ENSG00000166454	ATMIN	Human
ENSG00000119866	BCL11A	Human
ENSG00000127152	BCL11B	Human
ENSG00000113916	BCL6	Human
ENSG00000161940	BCL6B	Human
ENSG00000169594	BNC1	Human
ENSG00000173068	BNC2	Human
ENSG00000130940	CASZ1	Human
ENSG00000159588	CCDC17	Human
ENSG00000198824	CHAMP1	Human
ENSG00000147183	CPXCR1	Human
ENSG00000102974	CTCF	Human
ENSG00000124092	CTCFL	Human
ENSG00000011332	DPF1	Human
ENSG00000205683	DPF3	Human
ENSG00000134874	DZIP1	Human
ENSG00000167967	E4F1	Human
ENSG00000102189	EEA1	Human
ENSG00000120738	EGR1	Human
ENSG00000122877	EGR2	Human
ENSG00000179388	EGR3	Human
ENSG00000135625	EGR4	Human
ENSG00000164334	FAM170A	Human
ENSG00000128610	FEZF1	Human
ENSG00000153266	FEZF2	Human
ENSG00000179943	FIZ1	Human
ENSG00000162676	GFI1	Human
ENSG00000165702	GFI1B	Human
ENSG00000111087	GLI1	Human
ENSG00000074047	GLI2	Human
ENSG00000106571	GLI3	Human
ENSG00000250571	GLI4	Human
ENSG00000174332	GLIS1	Human
ENSG00000126603	GLIS2	Human
ENSG00000107249	GLIS3	Human
ENSG00000122034	GTF3A	Human
ENSG00000125812	GZF1	Human
ENSG00000177374	HIC1	Human
ENSG00000169635	HIC2	Human
ENSG00000172273	HINFP	Human
ENSG00000095951	HIVEP1	Human
ENSG00000010818	HIVEP2	Human
ENSG00000127124	HIVEP3	Human
ENSG00000181666	HKR1	Human
ENSG00000185811	IKZF1	Human
ENSG00000030419	IKZF2	Human
ENSG00000161405	IKZF3	Human
ENSG00000123411	IKZF4	Human
ENSG00000095574	IKZF5	Human
ENSG00000173404	INSM1	Human
ENSG00000168348	INSM2	Human
ENSG00000153814	JAZF1	Human
ENSG00000136504	KAT7	Human
ENSG00000176407	KCMF1	Human
ENSG00000151657	KIN	Human
ENSG00000105610	KLF1	Human
ENSG00000155090	KLF10	Human
ENSG00000172059	KLF11	Human
ENSG00000118922	KLF12	Human
ENSG00000169926	KLF13	Human
ENSG00000266265	KLF14	Human
ENSG00000163884	KLF15	Human
ENSG00000129911	KLF16	Human
ENSG00000171872	KLF17	Human
ENSG00000127528	KLF2	Human
ENSG00000109787	KLF3	Human
ENSG00000136826	KLF4	Human
ENSG00000102554	KLF5	Human
ENSG00000067082	KLF6	Human
ENSG00000118263	KLF7	Human
ENSG00000102349	KLF8	Human
ENSG00000119138	KLF9	Human
ENSG00000185513	L3MBTL1	Human
ENSG00000198945	L3MBTL3	Human
ENSG00000154655	L3MBTL4	Human
ENSG00000103495	MAZ	Human
ENSG00000085276	MECOM	Human
ENSG00000188786	MTF1	Human
ENSG00000085274	MYNN	Human
ENSG00000196132	MYT1	Human
ENSG00000186487	MYT1L	Human
ENSG00000099326	MZF1	Human
ENSG00000143867	OSR1	Human
ENSG00000164920	OSR2	Human
ENSG00000172818	OVOL1	Human
ENSG00000125850	OVOL2	Human
ENSG00000105261	OVOL3	Human
ENSG00000198300	PEG3	Human
ENSG00000181690	PLAG1	Human
ENSG00000118495	PLAGL1	Human
ENSG00000126003	PLAGL2	Human
ENSG00000057657	PRDM1	Human
ENSG00000170325	PRDM10	Human
ENSG00000130711	PRDM12	Human
ENSG00000112238	PRDM13	Human
ENSG00000147596	PRDM14	Human
ENSG00000141956	PRDM15	Human
ENSG00000142611	PRDM16	Human
ENSG00000116731	PRDM2	Human
ENSG00000110851	PRDM4	Human
ENSG00000138738	PRDM5	Human
ENSG00000061455	PRDM6	Human
ENSG00000152784	PRDM8	Human
ENSG00000164256	PRDM9	Human
ENSG00000185238	PRMT3	Human
ENSG00000146587	RBAK	Human
ENSG00000131381	RBSN	Human
ENSG00000214022	REPIN1	Human
ENSG00000084093	REST	Human
ENSG00000117000	RLF	Human
ENSG00000124782	RREB1	Human
ENSG00000103449	SALL1	Human
ENSG00000165821	SALL2	Human
ENSG00000256463	SALL3	Human
ENSG00000101115	SALL4	Human
ENSG00000261678	SCRT1	Human
ENSG00000215397	SCRT2	Human
ENSG00000125520	SLC2A4RG	Human
ENSG00000124216	SNAI1	Human
ENSG00000019549	SNAI2	Human
ENSG00000185669	SNAI3	Human
ENSG00000185591	SP1	Human
ENSG00000167182	SP2	Human
ENSG00000172845	SP3	Human
ENSG00000105866	SP4	Human
ENSG00000204335	SP5	Human
ENSG00000189120	SP6	Human
ENSG00000170374	SP7	Human
ENSG00000164651	SP8	Human
ENSG00000217236	SP9	Human
ENSG00000147488	ST18	Human
ENSG00000135148	TRAFD1	Human
ENSG00000179981	TSHZ1	Human
ENSG00000182463	TSHZ2	Human
ENSG00000121297	TSHZ3	Human
ENSG00000136451	VEZF1	Human
ENSG00000011451	WIZ	Human
ENSG00000184937	WT1	Human
ENSG00000100811	YY1	Human
ENSG00000230797	YY2	Human
ENSG00000126804	ZBTB1	Human
ENSG00000205189	ZBTB10	Human
ENSG00000066422	ZBTB11	Human
ENSG00000204366	ZBTB12	Human
ENSG00000198081	ZBTB14	Human
ENSG00000109906	ZBTB16	Human
ENSG00000116809	ZBTB17	Human
ENSG00000179456	ZBTB18	Human
ENSG00000181472	ZBTB2	Human
ENSG00000181722	ZBTB20	Human
ENSG00000173276	ZBTB21	Human
ENSG00000236104	ZBTB22	Human
ENSG00000089775	ZBTB25	Human
ENSG00000171448	ZBTB26	Human
ENSG00000185670	ZBTB3	Human
ENSG00000011590	ZBTB32	Human
ENSG00000177485	ZBTB33	Human
ENSG00000177125	ZBTB34	Human
ENSG00000185278	ZBTB37	Human
ENSG00000177311	ZBTB38	Human
ENSG00000166860	ZBTB39	Human
ENSG00000174282	ZBTB4	Human
ENSG00000184677	ZBTB40	Human
ENSG00000177888	ZBTB41	Human
ENSG00000179627	ZBTB42	Human
ENSG00000169155	ZBTB43	Human
ENSG00000196323	ZBTB44	Human
ENSG00000119574	ZBTB45	Human
ENSG00000130584	ZBTB46	Human
ENSG00000114853	ZBTB47	Human
ENSG00000204859	ZBTB48	Human
ENSG00000168826	ZBTB49	Human
ENSG00000168795	ZBTB5	Human
ENSG00000186130	ZBTB6	Human
ENSG00000178951	ZBTB7A	Human
ENSG00000160685	ZBTB7B	Human
ENSG00000184828	ZBTB7C	Human
ENSG00000160062	ZBTB8A	Human
ENSG00000273274	ZBTB8B	Human
ENSG00000213588	ZBTB9	Human
ENSG00000066827	ZFAT	Human
ENSG00000184517	ZFP1	Human
ENSG00000142065	ZFP14	Human
ENSG00000198939	ZFP2	Human
ENSG00000196867	ZFP28	Human
ENSG00000180787	ZFP3	Human
ENSG00000120784	ZFP30	Human
ENSG00000136866	ZFP37	Human
ENSG00000181638	ZFP41	Human
ENSG00000179059	ZFP42	Human
ENSG00000204644	ZFP57	Human
ENSG00000196670	ZFP62	Human
ENSG00000020256	ZFP64	Human
ENSG00000187815	ZFP69	Human
ENSG00000187801	ZFP69B	Human
ENSG00000181007	ZFP82	Human
ENSG00000184939	ZFP90	Human
ENSG00000186660	ZFP91	Human
ENSG00000189420	ZFP92	Human
ENSG00000179588	ZFPM1	Human
ENSG00000169946	ZFPM2	Human
ENSG00000005889	ZFX	Human
ENSG00000067646	ZFY	Human
ENSG00000152977	ZIC1	Human
ENSG00000043355	ZIC2	Human
ENSG00000156925	ZIC3	Human
ENSG00000174963	ZIC4	Human
ENSG00000139800	ZIC5	Human
ENSG00000171649	ZIK1	Human
ENSG00000269699	ZIM2	Human
ENSG00000141946	ZIM3	Human
ENSG00000106261	ZKSCAN1	Human
ENSG00000155592	ZKSCAN2	Human
ENSG00000189298	ZKSCAN3	Human
ENSG00000187626	ZKSCAN4	Human
ENSG00000196652	ZKSCAN5	Human
ENSG00000196345	ZKSCAN7	Human
ENSG00000198315	ZKSCAN8	Human
ENSG00000166432	ZMAT1	Human
ENSG00000165061	ZMAT4	Human
ENSG00000256223	ZNF10	Human
ENSG00000197020	ZNF100	Human
ENSG00000181896	ZNF101	Human
ENSG00000196247	ZNF107	Human
ENSG00000062370	ZNF112	Human
ENSG00000178150	ZNF114	Human
ENSG00000152926	ZNF117	Human
ENSG00000164631	ZNF12	Human
ENSG00000197961	ZNF121	Human
ENSG00000196418	ZNF124	Human
ENSG00000172262	ZNF131	Human
ENSG00000131849	ZNF132	Human
ENSG00000125846	ZNF133	Human
ENSG00000213762	ZNF134	Human
ENSG00000176293	ZNF135	Human
ENSG00000196646	ZNF136	Human
ENSG00000197008	ZNF138	Human
ENSG00000105708	ZNF14	Human
ENSG00000196387	ZNF140	Human
ENSG00000131127	ZNF141	Human
ENSG00000115568	ZNF142	Human
ENSG00000166478	ZNF143	Human
ENSG00000167635	ZNF146	Human
ENSG00000163848	ZNF148	Human
ENSG00000179909	ZNF154	Human
ENSG00000204920	ZNF155	Human
ENSG00000147117	ZNF157	Human
ENSG00000170631	ZNF16	Human
ENSG00000170949	ZNF160	Human
ENSG00000197279	ZNF165	Human
ENSG00000175787	ZNF169	Human
ENSG00000186272	ZNF17	Human
ENSG00000103343	ZNF174	Human
ENSG00000105497	ZNF175	Human
ENSG00000188629	ZNF177	Human
ENSG00000154957	ZNF18	Human
ENSG00000167384	ZNF180	Human
ENSG00000197841	ZNF181	Human
ENSG00000147118	ZNF182	Human
ENSG00000096654	ZNF184	Human
ENSG00000136870	ZNF189	Human
ENSG00000157429	ZNF19	Human
ENSG00000005801	ZNF195	Human
ENSG00000186448	ZNF197	Human
ENSG00000275111	ZNF2	Human
ENSG00000132010	ZNF20	Human
ENSG00000010539	ZNF200	Human
ENSG00000166261	ZNF202	Human
ENSG00000122386	ZNF205	Human
ENSG00000010244	ZNF207	Human
ENSG00000160321	ZNF208	Human
ENSG00000121417	ZNF211	Human
ENSG00000170260	ZNF212	Human
ENSG00000085644	ZNF213	Human
ENSG00000149050	ZNF214	Human
ENSG00000149054	ZNF215	Human
ENSG00000171940	ZNF217	Human
ENSG00000165804	ZNF219	Human
ENSG00000165512	ZNF22	Human
ENSG00000159905	ZNF221	Human
ENSG00000159885	ZNF222	Human
ENSG00000178386	ZNF223	Human
ENSG00000267680	ZNF224	Human
ENSG00000256294	ZNF225	Human
ENSG00000167380	ZNF226	Human
ENSG00000131115	ZNF227	Human
ENSG00000278318	ZNF229	Human
ENSG00000167377	ZNF23	Human
ENSG00000159882	ZNF230	Human
ENSG00000167840	ZNF232	Human
ENSG00000159915	ZNF233	Human
ENSG00000263002	ZNF234	Human
ENSG00000159917	ZNF235	Human
ENSG00000130856	ZNF236	Human
ENSG00000196793	ZNF239	Human
ENSG00000172466	ZNF24	Human
ENSG00000198105	ZNF248	Human
ENSG00000175395	ZNF25	Human
ENSG00000196150	ZNF250	Human
ENSG00000198169	ZNF251	Human
ENSG00000256771	ZNF253	Human
ENSG00000213096	ZNF254	Human
ENSG00000152454	ZNF256	Human
ENSG00000197134	ZNF257	Human
ENSG00000198393	ZNF26	Human
ENSG00000254004	ZNF260	Human
ENSG00000006194	ZNF263	Human
ENSG00000083844	ZNF264	Human
ENSG00000174652	ZNF266	Human
ENSG00000185947	ZNF267	Human
ENSG00000090612	ZNF268	Human
ENSG00000198039	ZNF273	Human
ENSG00000171606	ZNF274	Human
ENSG00000063587	ZNF275	Human
ENSG00000158805	ZNF276	Human
ENSG00000198538	ZNF28	Human
ENSG00000169548	ZNF280A	Human
ENSG00000275004	ZNF280B	Human
ENSG00000056277	ZNF280C	Human
ENSG00000137871	ZNF280D	Human
ENSG00000162702	ZNF281	Human
ENSG00000170265	ZNF282	Human
ENSG00000167637	ZNF283	Human
ENSG00000186026	ZNF284	Human
ENSG00000267508	ZNF285	Human
ENSG00000187607	ZNF286A	Human
ENSG00000249459	ZNF286B	Human
ENSG00000141040	ZNF287	Human
ENSG00000188994	ZNF292	Human
ENSG00000170684	ZNF296	Human
ENSG00000166526	ZNF3	Human
ENSG00000168661	ZNF30	Human
ENSG00000145908	ZNF300	Human
ENSG00000089335	ZNF302	Human
ENSG00000131845	ZNF304	Human
ENSG00000197935	ZNF311	Human
ENSG00000205903	ZNF316	Human
ENSG00000130803	ZNF317	Human
ENSG00000171467	ZNF318	Human
ENSG00000166188	ZNF319	Human
ENSG00000169740	ZNF32	Human
ENSG00000182986	ZNF320	Human
ENSG00000181315	ZNF322	Human
ENSG00000083812	ZNF324	Human
ENSG00000249471	ZNF324B	Human
ENSG00000162664	ZNF326	Human
ENSG00000181894	ZNF329	Human
ENSG00000130844	ZNF331	Human
ENSG00000160961	ZNF333	Human
ENSG00000198185	ZNF334	Human
ENSG00000198026	ZNF335	Human
ENSG00000130684	ZNF337	Human
ENSG00000189180	ZNF33A	Human
ENSG00000196693	ZNF33B	Human
ENSG00000196378	ZNF34	Human
ENSG00000131061	ZNF341	Human
ENSG00000088876	ZNF343	Human
ENSG00000251247	ZNF345	Human
ENSG00000113761	ZNF346	Human
ENSG00000197937	ZNF347	Human
ENSG00000169981	ZNF35	Human
ENSG00000256683	ZNF350	Human
ENSG00000169131	ZNF354A	Human
ENSG00000178338	ZNF354B	Human
ENSG00000177932	ZNF354C	Human
ENSG00000198816	ZNF358	Human
ENSG00000160094	ZNF362	Human
ENSG00000138311	ZNF365	Human
ENSG00000178175	ZNF366	Human
ENSG00000165244	ZNF367	Human
ENSG00000075407	ZNF37A	Human
ENSG00000161298	ZNF382	Human
ENSG00000188283	ZNF383	Human
ENSG00000126746	ZNF384	Human
ENSG00000161642	ZNF385A	Human
ENSG00000144331	ZNF385B	Human
ENSG00000187595	ZNF385C	Human
ENSG00000151789	ZNF385D	Human
ENSG00000124613	ZNF391	Human
ENSG00000160908	ZNF394	Human
ENSG00000186918	ZNF395	Human
ENSG00000186496	ZNF396	Human
ENSG00000186812	ZNF397	Human
ENSG00000197024	ZNF398	Human
ENSG00000176222	ZNF404	Human
ENSG00000215421	ZNF407	Human
ENSG00000175213	ZNF408	Human
ENSG00000147124	ZNF41	Human
ENSG00000119725	ZNF410	Human
ENSG00000133250	ZNF414	Human
ENSG00000170954	ZNF415	Human
ENSG00000083817	ZNF416	Human
ENSG00000173480	ZNF417	Human
ENSG00000196724	ZNF418	Human
ENSG00000105136	ZNF419	Human
ENSG00000197050	ZNF420	Human
ENSG00000102935	ZNF423	Human
ENSG00000204947	ZNF425	Human
ENSG00000130818	ZNF426	Human
ENSG00000131116	ZNF428	Human
ENSG00000197013	ZNF429	Human
ENSG00000198521	ZNF43	Human
ENSG00000118620	ZNF430	Human
ENSG00000196705	ZNF431	Human
ENSG00000256087	ZNF432	Human
ENSG00000197647	ZNF433	Human
ENSG00000125945	ZNF436	Human
ENSG00000183621	ZNF438	Human
ENSG00000171291	ZNF439	Human
ENSG00000197857	ZNF44	Human
ENSG00000171295	ZNF440	Human
ENSG00000197044	ZNF441	Human
ENSG00000198342	ZNF442	Human
ENSG00000180855	ZNF443	Human
ENSG00000167685	ZNF444	Human
ENSG00000185219	ZNF445	Human
ENSG00000083838	ZNF446	Human
ENSG00000173275	ZNF449	Human
ENSG00000124459	ZNF45	Human
ENSG00000112200	ZNF451	Human
ENSG00000178187	ZNF454	Human
ENSG00000197714	ZNF460	Human
ENSG00000197808	ZNF461	Human
ENSG00000148143	ZNF462	Human
ENSG00000181444	ZNF467	Human
ENSG00000204604	ZNF468	Human
ENSG00000225614	ZNF469	Human
ENSG00000197016	ZNF470	Human
ENSG00000196263	ZNF471	Human
ENSG00000142528	ZNF473	Human
ENSG00000164185	ZNF474	Human
ENSG00000185177	ZNF479	Human
ENSG00000180035	ZNF48	Human
ENSG00000198464	ZNF480	Human
ENSG00000173258	ZNF483	Human
ENSG00000127081	ZNF484	Human
ENSG00000198298	ZNF485	Human
ENSG00000256229	ZNF486	Human
ENSG00000243660	ZNF487	Human
ENSG00000265763	ZNF488	Human
ENSG00000188033	ZNF490	Human
ENSG00000177599	ZNF491	Human
ENSG00000229676	ZNF492	Human
ENSG00000196268	ZNF493	Human
ENSG00000162714	ZNF496	Human
ENSG00000174586	ZNF497	Human
ENSG00000103199	ZNF500	Human
ENSG00000186446	ZNF501	Human
ENSG00000196653	ZNF502	Human
ENSG00000165655	ZNF503	Human
ENSG00000081665	ZNF506	Human
ENSG00000168813	ZNF507	Human
ENSG00000081386	ZNF510	Human
ENSG00000198546	ZNF511	Human
ENSG00000196700	ZNF512B	Human
ENSG00000163795	ZNF513	Human
ENSG00000144026	ZNF514	Human
ENSG00000101493	ZNF516	Human
ENSG00000197363	ZNF517	Human
ENSG00000177853	ZNF518A	Human
ENSG00000178163	ZNF518B	Human
ENSG00000175322	ZNF519	Human
ENSG00000198795	ZNF521	Human
ENSG00000203326	ZNF525	Human
ENSG00000167625	ZNF526	Human
ENSG00000189164	ZNF527	Human
ENSG00000167555	ZNF528	Human
ENSG00000186020	ZNF529	Human
ENSG00000183647	ZNF530	Human
ENSG00000074657	ZNF532	Human
ENSG00000198633	ZNF534	Human
ENSG00000198597	ZNF536	Human
ENSG00000171817	ZNF540	Human
ENSG00000178229	ZNF543	Human
ENSG00000198131	ZNF544	Human
ENSG00000187187	ZNF546	Human
ENSG00000152433	ZNF547	Human
ENSG00000188785	ZNF548	Human
ENSG00000121406	ZNF549	Human
ENSG00000251369	ZNF550	Human
ENSG00000204519	ZNF551	Human
ENSG00000178935	ZNF552	Human
ENSG00000172006	ZNF554	Human
ENSG00000186300	ZNF555	Human
ENSG00000172000	ZNF556	Human
ENSG00000130544	ZNF557	Human
ENSG00000167785	ZNF558	Human
ENSG00000188321	ZNF559	Human
ENSG00000198028	ZNF560	Human
ENSG00000171469	ZNF561	Human
ENSG00000171466	ZNF562	Human
ENSG00000188868	ZNF563	Human
ENSG00000249709	ZNF564	Human
ENSG00000196357	ZNF565	Human
ENSG00000186017	ZNF566	Human
ENSG00000189042	ZNF567	Human
ENSG00000198453	ZNF568	Human
ENSG00000196437	ZNF569	Human
ENSG00000171970	ZNF57	Human
ENSG00000171827	ZNF570	Human
ENSG00000180479	ZNF571	Human
ENSG00000180938	ZNF572	Human
ENSG00000189144	ZNF573	Human
ENSG00000105732	ZNF574	Human
ENSG00000176472	ZNF575	Human
ENSG00000124444	ZNF576	Human
ENSG00000161551	ZNF577	Human
ENSG00000258405	ZNF578	Human
ENSG00000218891	ZNF579	Human
ENSG00000213015	ZNF580	Human
ENSG00000171425	ZNF581	Human
ENSG00000018869	ZNF582	Human
ENSG00000198440	ZNF583	Human
ENSG00000171574	ZNF584	Human
ENSG00000196967	ZNF585A	Human
ENSG00000245680	ZNF585B	Human
ENSG00000083828	ZNF586	Human
ENSG00000198466	ZNF587	Human
ENSG00000269343	ZNF587B	Human
ENSG00000164048	ZNF589	Human
ENSG00000166716	ZNF592	Human
ENSG00000180626	ZNF594	Human
ENSG00000272602	ZNF595	Human
ENSG00000172748	ZNF596	Human
ENSG00000167981	ZNF597	Human
ENSG00000167962	ZNF598	Human
ENSG00000153896	ZNF599	Human
ENSG00000189190	ZNF600	Human
ENSG00000196458	ZNF605	Human
ENSG00000166704	ZNF606	Human
ENSG00000198182	ZNF607	Human
ENSG00000168916	ZNF608	Human
ENSG00000180357	ZNF609	Human
ENSG00000167554	ZNF610	Human
ENSG00000213020	ZNF611	Human
ENSG00000176024	ZNF613	Human
ENSG00000142556	ZNF614	Human
ENSG00000197619	ZNF615	Human
ENSG00000204611	ZNF616	Human
ENSG00000157657	ZNF618	Human
ENSG00000177873	ZNF619	Human
ENSG00000177842	ZNF620	Human
ENSG00000172888	ZNF621	Human
ENSG00000183309	ZNF623	Human
ENSG00000197566	ZNF624	Human
ENSG00000257591	ZNF625	Human
ENSG00000188171	ZNF626	Human
ENSG00000198551	ZNF627	Human
ENSG00000197483	ZNF628	Human
ENSG00000102870	ZNF629	Human
ENSG00000221994	ZNF630	Human
ENSG00000121864	ZNF639	Human
ENSG00000167528	ZNF641	Human
ENSG00000122482	ZNF644	Human
ENSG00000175809	ZNF645	Human
ENSG00000167395	ZNF646	Human
ENSG00000179930	ZNF648	Human
ENSG00000198093	ZNF649	Human
ENSG00000198740	ZNF652	Human
ENSG00000175105	ZNF654	Human
ENSG00000197343	ZNF655	Human
ENSG00000274349	ZNF658	Human
ENSG00000160229	ZNF66	Human
ENSG00000144792	ZNF660	Human
ENSG00000182983	ZNF662	Human
ENSG00000179195	ZNF664	Human
ENSG00000197497	ZNF665	Human
ENSG00000198046	ZNF667	Human
ENSG00000167394	ZNF668	Human
ENSG00000188295	ZNF669	Human
ENSG00000277462	ZNF670	Human
ENSG00000083814	ZNF671	Human
ENSG00000171161	ZNF672	Human
ENSG00000251192	ZNF674	Human
ENSG00000197372	ZNF675	Human
ENSG00000196109	ZNF676	Human
ENSG00000197928	ZNF677	Human
ENSG00000181450	ZNF678	Human
ENSG00000197123	ZNF679	Human
ENSG00000173041	ZNF680	Human
ENSG00000196172	ZNF681	Human
ENSG00000197124	ZNF682	Human
ENSG00000176083	ZNF683	Human
ENSG00000117010	ZNF684	Human
ENSG00000143373	ZNF687	Human
ENSG00000229809	ZNF688	Human
ENSG00000156853	ZNF689	Human
ENSG00000198429	ZNF69	Human
ENSG00000164011	ZNF691	Human
ENSG00000171163	ZNF692	Human
ENSG00000197472	ZNF695	Human
ENSG00000185730	ZNF696	Human
ENSG00000143067	ZNF697	Human
ENSG00000196110	ZNF699	Human
ENSG00000147789	ZNF7	Human
ENSG00000187792	ZNF70	Human
ENSG00000196757	ZNF700	Human
ENSG00000167562	ZNF701	Human
ENSG00000183779	ZNF703	Human
ENSG00000164684	ZNF704	Human
ENSG00000196946	ZNF705A	Human
ENSG00000215356	ZNF705B	Human
ENSG00000215343	ZNF705D	Human
ENSG00000214534	ZNF705E	Human
ENSG00000215372	ZNF705G	Human
ENSG00000120963	ZNF706	Human
ENSG00000181135	ZNF707	Human
ENSG00000182141	ZNF708	Human
ENSG00000242852	ZNF709	Human
ENSG00000197951	ZNF71	Human
ENSG00000140548	ZNF710	Human
ENSG00000147180	ZNF711	Human
ENSG00000178665	ZNF713	Human
ENSG00000160352	ZNF714	Human
ENSG00000182111	ZNF716	Human
ENSG00000227124	ZNF717	Human
ENSG00000250312	ZNF718	Human
ENSG00000182903	ZNF721	Human
ENSG00000196081	ZNF724	Human
ENSG00000213967	ZNF726	Human
ENSG00000214652	ZNF727	Human
ENSG00000269067	ZNF728	Human
ENSG00000196350	ZNF729	Human
ENSG00000183850	ZNF730	Human
ENSG00000186777	ZNF732	Human
ENSG00000223614	ZNF735	Human
ENSG00000234444	ZNF736	Human
ENSG00000237440	ZNF737	Human
ENSG00000185252	ZNF74	Human
ENSG00000139651	ZNF740	Human
ENSG00000181220	ZNF746	Human
ENSG00000169955	ZNF747	Human
ENSG00000186230	ZNF749	Human
ENSG00000141579	ZNF750	Human
ENSG00000162086	ZNF75A	Human
ENSG00000186376	ZNF75D	Human
ENSG00000065029	ZNF76	Human
ENSG00000160336	ZNF761	Human
ENSG00000197054	ZNF763	Human
ENSG00000169951	ZNF764	Human
ENSG00000196417	ZNF765	Human
ENSG00000196214	ZNF766	Human
ENSG00000169957	ZNF768	Human
ENSG00000175691	ZNF77	Human
ENSG00000198146	ZNF770	Human
ENSG00000179965	ZNF771	Human
ENSG00000197128	ZNF772	Human
ENSG00000152439	ZNF773	Human
ENSG00000196391	ZNF774	Human
ENSG00000196456	ZNF775	Human
ENSG00000152443	ZNF776	Human
ENSG00000196453	ZNF777	Human
ENSG00000170100	ZNF778	Human
ENSG00000197782	ZNF780A	Human
ENSG00000128000	ZNF780B	Human
ENSG00000196381	ZNF781	Human
ENSG00000196597	ZNF782	Human
ENSG00000204946	ZNF783	Human
ENSG00000179922	ZNF784	Human
ENSG00000197162	ZNF785	Human
ENSG00000197362	ZNF786	Human
ENSG00000142409	ZNF787	Human
ENSG00000214189	ZNF788	Human
ENSG00000198556	ZNF789	Human
ENSG00000196152	ZNF79	Human
ENSG00000197863	ZNF790	Human
ENSG00000173875	ZNF791	Human
ENSG00000180884	ZNF792	Human
ENSG00000188227	ZNF793	Human
ENSG00000196466	ZNF799	Human
ENSG00000278129	ZNF8	Human
ENSG00000174255	ZNF80	Human
ENSG00000048405	ZNF800	Human
ENSG00000170396	ZNF804A	Human
ENSG00000182348	ZNF804B	Human
ENSG00000204524	ZNF805	Human
ENSG00000198482	ZNF808	Human
ENSG00000197779	ZNF81	Human
ENSG00000198346	ZNF813	Human
ENSG00000204514	ZNF814	Human
ENSG00000180257	ZNF816	Human
ENSG00000102984	ZNF821	Human
ENSG00000197933	ZNF823	Human
ENSG00000151612	ZNF827	Human
ENSG00000185869	ZNF829	Human
ENSG00000167766	ZNF83	Human
ENSG00000198783	ZNF830	Human
ENSG00000124203	ZNF831	Human
ENSG00000127903	ZNF835	Human
ENSG00000196267	ZNF836	Human
ENSG00000152475	ZNF837	Human
ENSG00000198040	ZNF84	Human
ENSG00000197608	ZNF841	Human
ENSG00000176723	ZNF843	Human
ENSG00000223547	ZNF844	Human
ENSG00000213799	ZNF845	Human
ENSG00000196605	ZNF846	Human
ENSG00000105750	ZNF85	Human
ENSG00000267041	ZNF850	Human
ENSG00000178917	ZNF852	Human
ENSG00000236609	ZNF853	Human
ENSG00000197385	ZNF860	Human
ENSG00000261221	ZNF865	Human
ENSG00000257446	ZNF878	Human
ENSG00000234284	ZNF879	Human
ENSG00000221923	ZNF880	Human
ENSG00000228623	ZNF883	Human
ENSG00000213793	ZNF888	Human
ENSG00000214029	ZNF891	Human
ENSG00000213988	ZNF90	Human
ENSG00000167232	ZNF91	Human
ENSG00000146757	ZNF92	Human
ENSG00000184635	ZNF93	Human
ENSG00000197360	ZNF98	Human
ENSG00000213973	ZNF99	Human
ENSG00000152467	ZSCAN1	Human
ENSG00000130182	ZSCAN10	Human
ENSG00000158691	ZSCAN12	Human
ENSG00000196812	ZSCAN16	Human
ENSG00000121413	ZSCAN18	Human
ENSG00000176371	ZSCAN2	Human
ENSG00000121903	ZSCAN20	Human
ENSG00000166529	ZSCAN21	Human
ENSG00000182318	ZSCAN22	Human
ENSG00000187987	ZSCAN23	Human
ENSG00000197037	ZSCAN25	Human
ENSG00000197062	ZSCAN26	Human
ENSG00000140265	ZSCAN29	Human
ENSG00000186814	ZSCAN30	Human
ENSG00000235109	ZSCAN31	Human
ENSG00000140987	ZSCAN32	Human
ENSG00000180532	ZSCAN4	Human
ENSG00000131848	ZSCAN5A	Human
ENSG00000197213	ZSCAN5B	Human
ENSG00000204532	ZSCAN5C	Human
ENSG00000137185	ZSCAN9	Human
ENSG00000153975	ZUFSP	Human
ENSG00000198205	ZXDA	Human
ENSG00000198455	ZXDB	Human
ENSG00000070476	ZXDC	Human
ENSG00000100105	PATZ1	Human
ENSG00000112365	ZBTB24	Human
ENSG00000171443	ZNF524	Human
ENSG00000161914	ZNF653	Human
ENSG00000198839	ZNF277	Human
ENSG00000243943	ZNF512	Human
ENSG00000148516	ZEB1	Human
ENSG00000169554	ZEB2	Human
ENSG00000140836	ZFHX3	Human
ENSG00000091656	ZFHX4	Human
ENSG00000124496	TRERF1	Human
ENSG00000118156	ZNF541	Human
ENSG00000001167	NFYA	Human
ENSG00000139793	MBNL2	Human
ENSG00000144161	ZC3H8	Human
ENSG00000197114	ZGPAT	Human
ENSG00000125817	CENPB	Human
ENSG00000177946	CENPBD1	Human
ENSG00000234616	JRK	Human
ENSG00000183340	JRKL	Human
ENSG00000221944	TIGD1	Human
ENSG00000180346	TIGD2	Human
ENSG00000173825	TIGD3	Human
ENSG00000169989	TIGD4	Human
ENSG00000179886	TIGD5	Human
ENSG00000164296	TIGD6	Human
ENSG00000140993	TIGD7	Human
ENSG00000171735	CAMTA1	Human
ENSG00000108509	CAMTA2	Human
ENSG00000131914	LIN28A	Human
ENSG00000187772	LIN28B	Human
ENSG00000065978	YBX1	Human
ENSG00000006047	YBX2	Human
ENSG00000060138	YBX3	Human
ENSG00000168214	RBPJ	Human
ENSG00000124232	RBPJL	Human
ENSG00000257923	CUX1	Human
ENSG00000111249	CUX2	Human
ENSG00000169856	ONECUT1	Human
ENSG00000119547	ONECUT2	Human
ENSG00000205922	ONECUT3	Human
ENSG00000182568	SATB1	Human
ENSG00000119042	SATB2	Human
ENSG00000154832	CXXC1	Human
ENSG00000168772	CXXC4	Human
ENSG00000171604	CXXC5	Human
ENSG00000130816	DNMT1	Human
ENSG00000099364	FBXL19	Human
ENSG00000173120	KDM2A	Human
ENSG00000089094	KDM2B	Human
ENSG00000138336	TET1	Human
ENSG00000187605	TET3	Human
ENSG00000118058	KMT2A	Human
ENSG00000272333	KMT2B	Human
ENSG00000137090	DMRT1	Human
ENSG00000173253	DMRT2	Human
ENSG00000064218	DMRT3	Human
ENSG00000176399	DMRTA1	Human
ENSG00000142700	DMRTA2	Human
ENSG00000143006	DMRTB1	Human
ENSG00000142025	DMRTC2	Human
ENSG00000101412	E2F1	Human
ENSG00000007968	E2F2	Human
ENSG00000112242	E2F3	Human
ENSG00000205250	E2F4	Human
ENSG00000133740	E2F5	Human
ENSG00000169016	E2F6	Human
ENSG00000165891	E2F7	Human
ENSG00000129173	E2F8	Human
ENSG00000198176	TFDP1	Human
ENSG00000114126	TFDP2	Human
ENSG00000183434	TFDP3	Human
ENSG00000164330	EBF1	Human
ENSG00000221818	EBF2	Human
ENSG00000108001	EBF3	Human
ENSG00000088881	EBF4	Human
ENSG00000135373	EHF	Human
ENSG00000120690	ELF1	Human
ENSG00000109381	ELF2	Human
ENSG00000102034	ELF4	Human
ENSG00000135374	ELF5	Human
ENSG00000126767	ELK1	Human
ENSG00000111145	ELK3	Human
ENSG00000158711	ELK4	Human
ENSG00000105722	ERF	Human
ENSG00000157554	ERG	Human
ENSG00000134954	ETS1	Human
ENSG00000157557	ETS2	Human
ENSG00000006468	ETV1	Human
ENSG00000105672	ETV2	Human
ENSG00000117036	ETV3	Human
ENSG00000253831	ETV3L	Human
ENSG00000175832	ETV4	Human
ENSG00000244405	ETV5	Human
ENSG00000139083	ETV6	Human
ENSG00000010030	ETV7	Human
ENSG00000163497	FEV	Human
ENSG00000151702	FLI1	Human
ENSG00000154727	GABPA	Human
ENSG00000124664	SPDEF	Human
ENSG00000066336	SPI1	Human
ENSG00000269404	SPIB	Human
ENSG00000166211	SPIC	Human
ENSG00000163435	ELF3	Human
ENSG00000059122	FLYWCH1	Human
ENSG00000129514	FOXA1	Human
ENSG00000125798	FOXA2	Human
ENSG00000170608	FOXA3	Human
ENSG00000171956	FOXB1	Human
ENSG00000204612	FOXB2	Human
ENSG00000054598	FOXC1	Human
ENSG00000176692	FOXC2	Human
ENSG00000251493	FOXD1	Human
ENSG00000186564	FOXD2	Human
ENSG00000187140	FOXD3	Human
ENSG00000170122	FOXD4	Human
ENSG00000184492	FOXD4L1	Human
ENSG00000187559	FOXD4L3	Human
ENSG00000184659	FOXD4L4	Human
ENSG00000204779	FOXD4L5	Human
ENSG00000273514	FOXD4L6	Human
ENSG00000178919	FOXE1	Human
ENSG00000186790	FOXE3	Human
ENSG00000103241	FOXF1	Human
ENSG00000137273	FOXF2	Human
ENSG00000176165	FOXG1	Human
ENSG00000160973	FOXH1	Human
ENSG00000168269	FOXI1	Human
ENSG00000186766	FOXI2	Human
ENSG00000214336	FOXI3	Human
ENSG00000129654	FOXJ1	Human
ENSG00000065970	FOXJ2	Human
ENSG00000198815	FOXJ3	Human
ENSG00000164916	FOXK1	Human
ENSG00000141568	FOXK2	Human
ENSG00000176678	FOXL1	Human
ENSG00000183770	FOXL2	Human
ENSG00000111206	FOXM1	Human
ENSG00000109101	FOXN1	Human
ENSG00000170802	FOXN2	Human
ENSG00000053254	FOXN3	Human
ENSG00000139445	FOXN4	Human
ENSG00000150907	FOXO1	Human
ENSG00000118689	FOXO3	Human
ENSG00000184481	FOXO4	Human
ENSG00000204060	FOXO6	Human
ENSG00000114861	FOXP1	Human
ENSG00000128573	FOXP2	Human
ENSG00000049768	FOXP3	Human
ENSG00000137166	FOXP4	Human
ENSG00000164379	FOXQ1	Human
ENSG00000176302	FOXR1	Human
ENSG00000189299	FOXR2	Human
ENSG00000179772	FOXS1	Human
ENSG00000102145	GATA1	Human
ENSG00000179348	GATA2	Human
ENSG00000107485	GATA3	Human
ENSG00000136574	GATA4	Human
ENSG00000130700	GATA5	Human
ENSG00000141448	GATA6	Human
ENSG00000167491	GATAD2A	Human
ENSG00000143614	GATAD2B	Human
ENSG00000104447	TRPS1	Human
ENSG00000220201	ZGLP1	Human
ENSG00000137270	GCM1	Human
ENSG00000124827	GCM2	Human
ENSG00000134317	GRHL1	Human
ENSG00000083307	GRHL2	Human
ENSG00000158055	GRHL3	Human
ENSG00000135457	TFCP2	Human
ENSG00000115112	TFCP2L1	Human
ENSG00000153560	UBP1	Human
ENSG00000263001	GTF2I	Human
ENSG00000006704	GTF2IRD1	Human
ENSG00000196275	GTF2IRD2	Human
ENSG00000174428	GTF2IRD2B	Human
ENSG00000114439	BBX	Human
ENSG00000079432	CIC	Human
ENSG00000105856	HBP1	Human
ENSG00000140382	HMG20A	Human
ENSG00000064961	HMG20B	Human
ENSG00000118418	HMGN3	Human
ENSG00000138795	LEF1	Human
ENSG00000182968	SOX1	Human
ENSG00000100146	SOX10	Human
ENSG00000176887	SOX11	Human
ENSG00000177732	SOX12	Human
ENSG00000143842	SOX13	Human
ENSG00000168875	SOX14	Human
ENSG00000129194	SOX15	Human
ENSG00000164736	SOX17	Human
ENSG00000203883	SOX18	Human
ENSG00000181449	SOX2	Human
ENSG00000125285	SOX21	Human
ENSG00000134595	SOX3	Human
ENSG00000039600	SOX30	Human
ENSG00000124766	SOX4	Human
ENSG00000134532	SOX5	Human
ENSG00000110693	SOX6	Human
ENSG00000171056	SOX7	Human
ENSG00000005513	SOX8	Human
ENSG00000125398	SOX9	Human
ENSG00000184895	SRY	Human
ENSG00000081059	TCF7	Human
ENSG00000152284	TCF7L1	Human
ENSG00000148737	TCF7L2	Human
ENSG00000101126	ADNP	Human
ENSG00000101544	ADNP2	Human
ENSG00000180318	ALX1	Human
ENSG00000156150	ALX3	Human
ENSG00000052850	ALX4	Human
ENSG00000227059	ANHX	Human
ENSG00000186103	ARGFX	Human
ENSG00000004848	ARX	Human
ENSG00000125492	BARHL1	Human
ENSG00000143032	BARHL2	Human
ENSG00000131668	BARX1	Human
ENSG00000043039	BARX2	Human
ENSG00000188909	BSX	Human
ENSG00000113722	CDX1	Human
ENSG00000165556	CDX2	Human
ENSG00000131264	CDX4	Human
ENSG00000105392	CRX	Human
ENSG00000109851	DBX1	Human
ENSG00000185610	DBX2	Human
ENSG00000144355	DLX1	Human
ENSG00000115844	DLX2	Human
ENSG00000064195	DLX3	Human
ENSG00000108813	DLX4	Human
ENSG00000105880	DLX5	Human
ENSG00000006377	DLX6	Human
ENSG00000197587	DMBX1	Human
ENSG00000204595	DPRX	Human
ENSG00000165606	DRGX	Human
DUX1_HUMAN	DUX1	Human
DUX3_HUMAN	DUX3	Human
ENSG00000260596	DUX4	Human
ENSG00000258873	DUXA	Human
ENSG00000135638	EMX1	Human
ENSG00000170370	EMX2	Human
ENSG00000163064	EN1	Human
ENSG00000164778	EN2	Human
ENSG00000123576	ESX1	Human
ENSG00000106038	EVX1	Human
ENSG00000174279	EVX2	Human
ENSG00000164900	GBX1	Human
ENSG00000168505	GBX2	Human
ENSG00000133937	GSC	Human
ENSG00000063515	GSC2	Human
ENSG00000169840	GSX1	Human
ENSG00000180613	GSX2	Human
ENSG00000165259	HDX	Human
ENSG00000163666	HESX1	Human
ENSG00000152804	HHEX	Human
ENSG00000136630	HLX	Human
ENSG00000147421	HMBOX1	Human
ENSG00000215612	HMX1	Human
ENSG00000188816	HMX2	Human
ENSG00000188620	HMX3	Human
ENSG00000135100	HNF1A	Human
ENSG00000275410	HNF1B	Human
ENSG00000215271	HOMEZ	Human
ENSG00000105991	HOXA1	Human
ENSG00000253293	HOXA10	Human
ENSG00000005073	HOXA11	Human
ENSG00000106031	HOXA13	Human
ENSG00000105996	HOXA2	Human
ENSG00000105997	HOXA3	Human
ENSG00000197576	HOXA4	Human
ENSG00000106004	HOXA5	Human
ENSG00000106006	HOXA6	Human
ENSG00000122592	HOXA7	Human
ENSG00000078399	HOXA9	Human
ENSG00000120094	HOXB1	Human
ENSG00000159184	HOXB13	Human
ENSG00000173917	HOXB2	Human
ENSG00000120093	HOXB3	Human
ENSG00000182742	HOXB4	Human
ENSG00000120075	HOXB5	Human
ENSG00000108511	HOXB6	Human
ENSG00000260027	HOXB7	Human
ENSG00000120068	HOXB8	Human
ENSG00000170689	HOXB9	Human
ENSG00000180818	HOXC10	Human
ENSG00000123388	HOXC11	Human
ENSG00000123407	HOXC12	Human
ENSG00000123364	HOXC13	Human
ENSG00000198353	HOXC4	Human
ENSG00000172789	HOXC5	Human
ENSG00000197757	HOXC6	Human
ENSG00000037965	HOXC8	Human
ENSG00000180806	HOXC9	Human
ENSG00000128645	HOXD1	Human
ENSG00000128710	HOXD10	Human
ENSG00000128713	HOXD11	Human
ENSG00000170178	HOXD12	Human
ENSG00000128714	HOXD13	Human
ENSG00000128652	HOXD3	Human
ENSG00000170166	HOXD4	Human
ENSG00000175879	HOXD8	Human
ENSG00000128709	HOXD9	Human
ENSG00000170549	IRX1	Human
ENSG00000170561	IRX2	Human
ENSG00000177508	IRX3	Human
ENSG00000113430	IRX4	Human
ENSG00000176842	IRX5	Human
ENSG00000159387	IRX6	Human
ENSG00000016082	ISL1	Human
ENSG00000159556	ISL2	Human
ENSG00000175329	ISX	Human
ENSG00000138136	LBX1	Human
ENSG00000179528	LBX2	Human
ENSG00000213921	LEUTX	Human
ENSG00000273706	LHX1	Human
ENSG00000106689	LHX2	Human
ENSG00000107187	LHX3	Human
ENSG00000121454	LHX4	Human
ENSG00000089116	LHX5	Human
ENSG00000106852	LHX6	Human
ENSG00000162624	LHX8	Human
ENSG00000143355	LHX9	Human
ENSG00000162761	LMX1A	Human
ENSG00000136944	LMX1B	Human
ENSG00000143995	MEIS1	Human
ENSG00000134138	MEIS2	Human
ENSG00000105419	MEIS3	Human
ENSG00000005102	MEOX1	Human
ENSG00000106511	MEOX2	Human
ENSG00000185155	MIXL1	Human
ENSG00000150051	MKX	Human
ENSG00000130675	MNX1	Human
ENSG00000163132	MSX1	Human
ENSG00000120149	MSX2	Human
ENSG00000111704	NANOG	Human
ENSG00000205857	NANOGNB	Human
ENSG00000255192	NANOGP8	Human
ENSG00000235608	NKX1-1	Human
ENSG00000229544	NKX1-2	Human
ENSG00000136352	NKX2-1	Human
ENSG00000125820	NKX2-2	Human
ENSG00000119919	NKX2-3	Human
ENSG00000125816	NKX2-4	Human
ENSG00000183072	NKX2-5	Human
ENSG00000180053	NKX2-6	Human
ENSG00000136327	NKX2-8	Human
ENSG00000167034	NKX3-1	Human
ENSG00000109705	NKX3-2	Human
ENSG00000163623	NKX6-1	Human
ENSG00000148826	NKX6-2	Human
ENSG00000165066	NKX6-3	Human
ENSG00000106410	NOBOX	Human
ENSG00000214513	NOTO	Human
ENSG00000171540	OTP	Human
ENSG00000115507	OTX1	Human
ENSG00000165588	OTX2	Human
ENSG00000185630	PBX1	Human
ENSG00000204304	PBX2	Human
ENSG00000167081	PBX3	Human
ENSG00000105717	PBX4	Human
ENSG00000139515	PDX1	Human
ENSG00000165462	PHOX2A	Human
ENSG00000109132	PHOX2B	Human
ENSG00000069011	PITX1	Human
ENSG00000164093	PITX2	Human
ENSG00000107859	PITX3	Human
ENSG00000160199	PKNOX1	Human
ENSG00000165495	PKNOX2	Human
ENSG00000175325	PROP1	Human
ENSG00000116132	PRRX1	Human
ENSG00000167157	PRRX2	Human
ENSG00000134438	RAX	Human
ENSG00000173976	RAX2	Human
ENSG00000101883	RHOXF1	Human
ENSG00000131721	RHOXF2	Human
ENSG00000203989	RHOXF2B	Human
ENSG00000274529	SEBOX	Human
ENSG00000185960	SHOX	Human
ENSG00000168779	SHOX2	Human
ENSG00000126778	SIX1	Human
ENSG00000170577	SIX2	Human
ENSG00000138083	SIX3	Human
ENSG00000100625	SIX4	Human
ENSG00000177045	SIX5	Human
ENSG00000184302	SIX6	Human
ENSG00000177426	TGIF1	Human
ENSG00000118707	TGIF2	Human
ENSG00000153779	TGIF2LX	Human
ENSG00000176679	TGIF2LY	Human
ENSG00000107807	TLX1	Human
ENSG00000115297	TLX2	Human
ENSG00000164438	TLX3	Human
ENSG00000178928	TPRX1	Human
ENSG00000164853	UNCX	Human
ENSG00000148704	VAX1	Human
ENSG00000116035	VAX2	Human
ENSG00000151650	VENTX	Human
ENSG00000100987	VSX1	Human
ENSG00000119614	VSX2	Human
ENSG00000136367	ZFHX2	Human
ENSG00000165156	ZHX1	Human
ENSG00000178764	ZHX2	Human
ENSG00000174306	ZHX3	Human
ENSG00000075891	PAX2	Human
ENSG00000135903	PAX3	Human
ENSG00000106331	PAX4	Human
ENSG00000007372	PAX6	Human
ENSG00000009709	PAX7	Human
ENSG00000064835	POU1F1	Human
ENSG00000143190	POU2F1	Human
ENSG00000028277	POU2F2	Human
ENSG00000137709	POU2F3	Human
ENSG00000185668	POU3F1	Human
ENSG00000184486	POU3F2	Human
ENSG00000198914	POU3F3	Human
ENSG00000196767	POU3F4	Human
ENSG00000152192	POU4F1	Human
ENSG00000151615	POU4F2	Human
ENSG00000091010	POU4F3	Human
ENSG00000204531	POU5F1	Human
ENSG00000212993	POU5F1B	Human
ENSG00000248483	POU5F2	Human
ENSG00000184271	POU6F1	Human
ENSG00000106536	POU6F2	Human
ENSG00000185122	HSF1	Human
ENSG00000025156	HSF2	Human
ENSG00000102878	HSF4	Human
ENSG00000176160	HSF5	Human
ENSG00000171116	HSFX1	Human
ENSG00000268738	HSFX2	Human
ENSG00000172468	HSFY1	Human
ENSG00000169953	HSFY2	Human
ENSG00000125347	IRF1	Human
ENSG00000168310	IRF2	Human
ENSG00000126456	IRF3	Human
ENSG00000137265	IRF4	Human
ENSG00000128604	IRF5	Human
ENSG00000117595	IRF6	Human
ENSG00000185507	IRF7	Human
ENSG00000140968	IRF8	Human
ENSG00000213928	IRF9	Human
ENSG00000188981	MSANTD1	Human
ENSG00000066697	MSANTD3	Human
ENSG00000171169	NAIF1	Human
ENSG00000064489	BORCS8-MEF2B	Human
ENSG00000068305	MEF2A	Human
ENSG00000213999	MEF2B	Human
ENSG00000081189	MEF2C	Human
ENSG00000116604	MEF2D	Human
ENSG00000112658	SRF	Human
ENSG00000123636	BAZ2B	Human
ENSG00000134046	MBD2	Human
ENSG00000071655	MBD3	Human
ENSG00000129071	MBD4	Human
ENSG00000166987	MBD6	Human
ENSG00000127445	PIN1	Human
ENSG00000143379	SETDB1	Human
ENSG00000136169	SETDB2	Human
ENSG00000076108	BAZ2A	Human
ENSG00000169057	MECP2	Human
ENSG00000141644	MBD1	Human
ENSG00000127989	MTERF1	Human
ENSG00000120832	MTERF2	Human
ENSG00000156469	MTERF3	Human
ENSG00000122085	MTERF4	Human
ENSG00000096401	CDC5L	Human
ENSG00000135164	DMTF1	Human
ENSG00000170903	MSANTD4	Human
ENSG00000118513	MYB	Human
ENSG00000185697	MYBL1	Human
ENSG00000101057	MYBL2	Human
ENSG00000176182	MYPOP	Human
ENSG00000162601	MYSM1	Human
ENSG00000165684	SNAPC4	Human
ENSG00000249961	TERB1	Human
ENSG00000147601	TERF1	Human
ENSG00000132604	TERF2	Human
ENSG00000125482	TTF1	Human
ENSG00000036549	ZZZ3	Human
ENSG00000124920	MYRF	Human
ENSG00000166268	MYRFL	Human
ENSG00000086102	NFX1	Human
ENSG00000170448	NFXL1	Human
ENSG00000169083	AR	Human
ENSG00000091831	ESR1	Human
ENSG00000140009	ESR2	Human
ENSG00000173153	ESRRA	Human
ENSG00000119715	ESRRB	Human
ENSG00000196482	ESRRG	Human
ENSG00000101076	HNF4A	Human
ENSG00000164749	HNF4G	Human
ENSG00000126368	NR1D1	Human
ENSG00000174738	NR1D2	Human
ENSG00000131408	NR1H2	Human
ENSG00000025434	NR1H3	Human
ENSG00000012504	NR1H4	Human
ENSG00000144852	NR1I2	Human
ENSG00000143257	NR1I3	Human
ENSG00000120798	NR2C1	Human
ENSG00000177463	NR2C2	Human
ENSG00000112333	NR2E1	Human
ENSG00000278570	NR2E3	Human
ENSG00000175745	NR2F1	Human
ENSG00000185551	NR2F2	Human
ENSG00000160113	NR2F6	Human
ENSG00000113580	NR3C1	Human
ENSG00000151623	NR3C2	Human
ENSG00000123358	NR4A1	Human
ENSG00000153234	NR4A2	Human
ENSG00000119508	NR4A3	Human
ENSG00000136931	NR5A1	Human
ENSG00000116833	NR5A2	Human
ENSG00000148200	NR6A1	Human
ENSG00000082175	PGR	Human
ENSG00000186951	PPARA	Human
ENSG00000112033	PPARD	Human
ENSG00000132170	PPARG	Human
ENSG00000131759	RARA	Human
ENSG00000077092	RARB	Human
ENSG00000172819	RARG	Human
ENSG00000069667	RORA	Human
ENSG00000198963	RORB	Human
ENSG00000143365	RORC	Human
ENSG00000186350	RXRA	Human
ENSG00000204231	RXRB	Human
ENSG00000143171	RXRG	Human
ENSG00000126351	THRA	Human
ENSG00000151090	THRB	Human
ENSG00000111424	VDR	Human
ENSG00000141510	TP53	Human
ENSG00000073282	TP63	Human
ENSG00000078900	TP73	Human
ENSG00000125813	PAX1	Human
ENSG00000196092	PAX5	Human
ENSG00000125618	PAX8	Human
ENSG00000198807	PAX9	Human
ENSG00000196233	LCOR	Human
ENSG00000178177	LCORL	Human
ENSG00000117707	PROX1	Human
ENSG00000119608	PROX2	Human
ENSG00000102908	NFAT5	Human
ENSG00000131196	NFATC1	Human
ENSG00000101096	NFATC2	Human
ENSG00000072736	NFATC3	Human
ENSG00000100968	NFATC4	Human
ENSG00000109320	NFKB1	Human
ENSG00000077150	NFKB2	Human
ENSG00000162924	REL	Human
ENSG00000173039	RELA	Human
ENSG00000104856	RELB	Human
ENSG00000132005	RFX1	Human
ENSG00000087903	RFX2	Human
ENSG00000080298	RFX3	Human
ENSG00000111783	RFX4	Human
ENSG00000143390	RFX5	Human
ENSG00000185002	RFX6	Human
ENSG00000181827	RFX7	Human
ENSG00000196460	RFX8	Human
ENSG00000159216	RUNX1	Human
ENSG00000124813	RUNX2	Human
ENSG00000020633	RUNX3	Human
ENSG00000160224	AIRE	Human
ENSG00000177030	DEAF1	Human
ENSG00000162419	GMEB1	Human
ENSG00000101216	GMEB2	Human
ENSG00000215474	SKOR2	Human
ENSG00000067066	SP100	Human
ENSG00000135899	SP110	Human
ENSG00000079263	SP140	Human
ENSG00000185404	SP140L	Human
ENSG00000162599	NFIA	Human
ENSG00000147862	NFIB	Human
ENSG00000141905	NFIC	Human
ENSG00000008441	NFIX	Human
ENSG00000170365	SMAD1	Human
ENSG00000166949	SMAD3	Human
ENSG00000141646	SMAD4	Human
ENSG00000113658	SMAD5	Human
ENSG00000120693	SMAD9	Human
ENSG00000115415	STAT1	Human
ENSG00000170581	STAT2	Human
ENSG00000168610	STAT3	Human
ENSG00000138378	STAT4	Human
ENSG00000126561	STAT5A	Human
ENSG00000173757	STAT5B	Human
ENSG00000166888	STAT6	Human
ENSG00000163508	EOMES	Human
ENSG00000174197	MGA	Human
ENSG00000164458	T	Human
ENSG00000136535	TBR1	Human
ENSG00000184058	TBX1	Human
ENSG00000167800	TBX10	Human
ENSG00000092607	TBX15	Human
ENSG00000112837	TBX18	Human
ENSG00000143178	TBX19	Human
ENSG00000121068	TBX2	Human
ENSG00000164532	TBX20	Human
ENSG00000073861	TBX21	Human
ENSG00000122145	TBX22	Human
ENSG00000135111	TBX3	Human
ENSG00000121075	TBX4	Human
ENSG00000089225	TBX5	Human
ENSG00000149922	TBX6	Human
ENSG00000112592	TBP	Human
ENSG00000028839	TBPL1	Human
ENSG00000182521	TBPL2	Human
ENSG00000189308	LIN54	Human
ENSG00000187079	TEAD1	Human
ENSG00000074219	TEAD2	Human
ENSG00000007866	TEAD3	Human
ENSG00000197905	TEAD4	Human
ENSG00000131931	THAP1	Human
ENSG00000129028	THAP10	Human
ENSG00000168286	THAP11	Human
ENSG00000137492	THAP12	Human
ENSG00000173451	THAP2	Human
ENSG00000041988	THAP3	Human
ENSG00000176946	THAP4	Human
ENSG00000177683	THAP5	Human
ENSG00000174796	THAP6	Human
ENSG00000184436	THAP7	Human
ENSG00000161277	THAP8	Human
ENSG00000168152	THAP9	Human
ENSG00000106624	AEBP1	Human
ENSG00000160007	ARHGAP35	Human
ENSG00000171634	BPTF	Human
ENSG00000104221	BRF2	Human
ENSG00000138380	CARF	Human
ENSG00000132024	CC2D1A	Human
ENSG00000115816	CEBPZ	Human
ENSG00000115163	CENPA	Human
ENSG00000175279	CENPS	Human
ENSG00000102901	CENPT	Human
ENSG00000169689	CENPX	Human
ENSG00000163320	CGGBP1	Human
ENSG00000106554	CHCHD3	Human
ENSG00000214575	CPEB1	Human
ENSG00000144655	CSRNP1	Human
ENSG00000110925	CSRNP2	Human
ENSG00000178662	CSRNP3	Human
ENSG00000276644	DACH1	Human
ENSG00000126733	DACH2	Human
ENSG00000117505	DR1	Human
ENSG00000175550	DRAP1	Human
ENSG00000198715	GLMP	Human
ENSG00000062194	GPBP1	Human
ENSG00000159592	GPBP1L1	Human
ENSG00000137947	GTF2B	Human
ENSG00000115041	KCNIP3	Human
ENSG00000012223	LTF	Human
ENSG00000143033	MTF2	Human
ENSG00000148411	NACC2	Human
ENSG00000230257	NFE4	Human
ENSG00000120837	NFYB	Human
ENSG00000066136	NFYC	Human
ENSG00000186416	NKRF	Human
ENSG00000243678	NME2	Human
ENSG00000169297	NR0B1	Human
ENSG00000106459	NRF1	Human
ENSG00000170515	PA2G4	Human
ENSG00000277258	PCGF2	Human
ENSG00000156374	PCGF6	Human
ENSG00000112511	PHF1	Human
ENSG00000119403	PHF19 	Human
ENSG00000188313	PLSCR1	Human
ENSG00000110777	POU2AF1	Human
ENSG00000138073	PREB	Human
ENSG00000185129	PURA	Human
ENSG00000146676	PURB	Human
ENSG00000172733	PURG	Human
ENSG00000166349	RAG1	Human
ENSG00000125826	RBCK1	Human
ENSG00000148300	REXO4	Human
ENSG00000160633	SAFB	Human
ENSG00000130254	SAFB2	Human
ENSG00000010803	SCMH1	Human
ENSG00000157933	SKI	Human
ENSG00000136603	SKIL	Human
ENSG00000188779	SKOR1	Human
ENSG00000185420	SMYD3	Human
ENSG00000104976	SNAPC2	Human
ENSG00000174446	SNAPC5	Human
ENSG00000159140	SON	Human
ENSG00000065526	SPEN	Human
ENSG00000164299	SPZ1	Human
ENSG00000100207	TCF20	Human
ENSG00000168769	TET2	Human
ENSG00000151500	THYN1	Human
ENSG00000144747	TMF1	Human
ENSG00000197579	TOPORS	Human
ENSG00000102804	TSC22D1	Human
ENSG00000136936	XPA	Human
ENSMUSG00000094915		Mouse
ENSMUSG00000079808		Mouse
ENSMUSG00000094874		Mouse
ENSMUSG00000094514		Mouse
ENSMUSG00000095250		Mouse
ENSMUSG00000095672		Mouse
ENSMUSG00000095092		Mouse
ENSMUSG00000094799		Mouse
ENSMUSG00000053211	Zfy1	Mouse
ENSMUSG00000000103	Zfy2	Mouse
ENSMUSG00000052713	Zfp608	Mouse
ENSMUSG00000071757	Zhx2	Mouse
ENSMUSG00000024276	Zfp397	Mouse
ENSMUSG00000022463	Srebf2	Mouse
ENSMUSG00000042320	Prox2	Mouse
ENSMUSG00000051469	Zfp24	Mouse
ENSMUSG00000000552	Zfp385a	Mouse
ENSMUSG00000024619	Cdx1	Mouse
ENSMUSG00000058794	Nfe2	Mouse
ENSMUSG00000057469	E2f6	Mouse
ENSMUSG00000022809	Nr1i2	Mouse
ENSMUSG00000069036	Sry	Mouse
ENSMUSG00000021010	Npas3	Mouse
ENSMUSG00000042372	Dmrt3	Mouse
ENSMUSG00000050240	Hic2	Mouse
ENSMUSG00000063060	Sox7	Mouse
ENSMUSG00000031241	Tbx22	Mouse
ENSMUSG00000024912	Fosl1	Mouse
ENSMUSG00000045991	Onecut2	Mouse
ENSMUSG00000024914	Drap1	Mouse
ENSMUSG00000045440	Insm2	Mouse
ENSMUSG00000046160	Olig1	Mouse
ENSMUSG00000035451	Foxa1	Mouse
ENSMUSG00000051490	Foxd4	Mouse
ENSMUSG00000058669	Nkx2-9	Mouse
ENSMUSG00000050197	Rhox13	Mouse
ENSMUSG00000001497	Pax9	Mouse
ENSMUSG00000078302	Foxd1	Mouse
ENSMUSG00000044149	Nkrf	Mouse
ENSMUSG00000040726	Hesx1	Mouse
ENSMUSG00000033863	Klf9	Mouse
ENSMUSG00000100194	Tgif2lx2	Mouse
ENSMUSG00000100133	Tgif2lx1	Mouse
ENSMUSG00000040929	Rfx3	Mouse
ENSMUSG00000022708	Zbtb20	Mouse
ENSMUSG00000021250	Fos	Mouse
ENSMUSG00000034271	Jdp2	Mouse
ENSMUSG00000024837	Dmrt1	Mouse
ENSMUSG00000055341	Zfp457	Mouse
ENSMUSG00000057842	Zfp595	Mouse
ENSMUSG00000098905	Zfp953	Mouse
ENSMUSG00000114923	Gm49345	Mouse
ENSMUSG00000048280	Zfp738	Mouse
ENSMUSG00000020653	Klf11	Mouse
ENSMUSG00000020656	Grhl1	Mouse
ENSMUSG00000025592	Dach2	Mouse
ENSMUSG00000048138	Dmrt2	Mouse
ENSMUSG00000072294	Klf12	Mouse
ENSMUSG00000048047	Zbtb33	Mouse
ENSMUSG00000022346	Myc	Mouse
ENSMUSG00000021359	Tfap2a	Mouse
ENSMUSG00000053909	Rhox10	Mouse
ENSMUSG00000090641	Zfp712	Mouse
ENSMUSG00000057396	Zfp759	Mouse
ENSMUSG00000055480	Zfp458	Mouse
ENSMUSG00000055560	Zfp459	Mouse
ENSMUSG00000095432	Zfp748	Mouse
ENSMUSG00000058093	Zfp729b	Mouse
ENSMUSG00000021510	Zfp729a	Mouse
ENSMUSG00000058670	4932411N23Rik	Mouse
ENSMUSG00000021944	Gata4	Mouse
ENSMUSG00000021519	Mterf3	Mouse
ENSMUSG00000005148	Klf5	Mouse
ENSMUSG00000046351	Zfp322a	Mouse
ENSMUSG00000025529	Zfp711	Mouse
ENSMUSG00000022676	Snai2	Mouse
ENSMUSG00000021327	Zkscan3	Mouse
ENSMUSG00000022961	Son	Mouse
ENSMUSG00000024927	Rela	Mouse
ENSMUSG00000034551	Hdx	Mouse
ENSMUSG00000058883	Zfp708	Mouse
ENSMUSG00000100235	Gm28557	Mouse
ENSMUSG00000074824	Rslcan18	Mouse
ENSMUSG00000058900	Rsl1	Mouse
ENSMUSG00000051037	Zfp455	Mouse
ENSMUSG00000078995	Zfp456	Mouse
ENSMUSG00000078994	Zfp429	Mouse
ENSMUSG00000069206	Zfp874a	Mouse
ENSMUSG00000059839	Zfp874b	Mouse
ENSMUSG00000071291	Zfp58	Mouse
ENSMUSG00000097333	Zfp87	Mouse
ENSMUSG00000058331	Zfp85	Mouse
ENSMUSG00000090659	Zfp493	Mouse
ENSMUSG00000030446	Zfp273	Mouse
ENSMUSG00000068284	Usf3	Mouse
ENSMUSG00000041852	Tcf20	Mouse
ENSMUSG00000071350	Setdb2	Mouse
ENSMUSG00000061517	Sox21	Mouse
ENSMUSG00000021362	Gcm2	Mouse
ENSMUSG00000024922	Ovol1	Mouse
ENSMUSG00000039830	Olig2	Mouse
ENSMUSG00000048349	Pou4f1	Mouse
ENSMUSG00000072995	Cpxcr1	Mouse
ENSMUSG00000036721	Zscan12	Mouse
ENSMUSG00000021366	Hivep1	Mouse
ENSMUSG00000034266	Batf	Mouse
ENSMUSG00000071637	Cebpd	Mouse
ENSMUSG00000022228	Zscan26	Mouse
ENSMUSG00000022383	Ppara	Mouse
ENSMUSG00000045903	Npas4	Mouse
ENSMUSG00000001496	Nkx2-1	Mouse
ENSMUSG00000056854	Pou3f4	Mouse
ENSMUSG00000021514	Zfp369	Mouse
ENSMUSG00000021255	Esrrb	Mouse
ENSMUSG00000071281	Zfp65	Mouse
ENSMUSG00000038418	Egr1	Mouse
ENSMUSG00000031374	Zfp92	Mouse
ENSMUSG00000055639	Dach1	Mouse
ENSMUSG00000020037	Rfx4	Mouse
ENSMUSG00000031618	Nr3c2	Mouse
ENSMUSG00000022952	Runx1	Mouse
ENSMUSG00000035529	Prdm4	Mouse
ENSMUSG00000005774	Rfx5	Mouse
ENSMUSG00000062519	Zfp398	Mouse
ENSMUSG00000021381	Barx1	Mouse
ENSMUSG00000022641	Bbx	Mouse
ENSMUSG00000021575	Ahrr	Mouse
ENSMUSG00000029736	Nobox	Mouse
ENSMUSG00000019338	Zfp687	Mouse
ENSMUSG00000006270	Vax1	Mouse
ENSMUSG00000071256	Zfp213	Mouse
ENSMUSG00000100305	Gm28360	Mouse
ENSMUSG00000101415	Gm28168	Mouse
ENSMUSG00000100617	Gm7145	Mouse
ENSMUSG00000074637	Sox2	Mouse
ENSMUSG00000051499	Zfp786	Mouse
ENSMUSG00000036916	Zfp280c	Mouse
ENSMUSG00000043991	Pura	Mouse
ENSMUSG00000009097	Tbx1	Mouse
ENSMUSG00000023994	Nfya	Mouse
ENSMUSG00000015053	Gata2	Mouse
ENSMUSG00000043969	Emx2	Mouse
ENSMUSG00000024518	Rax	Mouse
ENSMUSG00000071064	Zfp827	Mouse
ENSMUSG00000024140	Epas1	Mouse
ENSMUSG00000040097	Flywch1	Mouse
ENSMUSG00000022738	Gsc2	Mouse
ENSMUSG00000085111	Ascl4	Mouse
ENSMUSG00000022053	Ebf2	Mouse
ENSMUSG00000076431	Sox4	Mouse
ENSMUSG00000096014	Sox1	Mouse
ENSMUSG00000023991	Foxp4	Mouse
ENSMUSG00000066687	Zbtb16	Mouse
ENSMUSG00000041703	Zic5	Mouse
ENSMUSG00000061911	Myt1l	Mouse
ENSMUSG00000031393	Mecp2	Mouse
ENSMUSG00000047412	Zbtb44	Mouse
ENSMUSG00000003154	Foxj2	Mouse
ENSMUSG00000039068	Zzz3	Mouse
ENSMUSG00000036442	Thap11	Mouse
ENSMUSG00000039521	Foxp3	Mouse
ENSMUSG00000023927	Satb1	Mouse
ENSMUSG00000096225	Lhx8	Mouse
ENSMUSG00000022335	Zfat	Mouse
ENSMUSG00000052676	Zmat1	Mouse
ENSMUSG00000025821	Zfp282	Mouse
ENSMUSG00000112216	Gm32717	Mouse
ENSMUSG00000112252	Gm32802	Mouse
ENSMUSG00000112814	Gm9040	Mouse
ENSMUSG00000112419	Gm9044	Mouse
ENSMUSG00000112027	Gm9045	Mouse
ENSMUSG00000112781	Gm9046	Mouse
ENSMUSG00000112495	Gm9048	Mouse
ENSMUSG00000112919	Gm9049	Mouse
ENSMUSG00000063632	Sox11	Mouse
ENSMUSG00000022061	Nkx3-1	Mouse
ENSMUSG00000051176	Zfp42	Mouse
ENSMUSG00000046668	Cxxc5	Mouse
ENSMUSG00000031681	Smad1	Mouse
ENSMUSG00000036672	Cenpt	Mouse
ENSMUSG00000023902	Zscan10	Mouse
ENSMUSG00000024134	Six2	Mouse
ENSMUSG00000061524	Zic2	Mouse
ENSMUSG00000024431	Nr3c1	Mouse
ENSMUSG00000012396	Nanog	Mouse
ENSMUSG00000042156	Dzip1	Mouse
ENSMUSG00000050919	Zfp366	Mouse
ENSMUSG00000052763	Zfp212	Mouse
ENSMUSG00000031688	Pou4f2	Mouse
ENSMUSG00000067928	Zfp760	Mouse
ENSMUSG00000069743	Zfp820	Mouse
ENSMUSG00000078546	Zfp995	Mouse
ENSMUSG00000071267	Zfp942	Mouse
ENSMUSG00000053347	Zfp943	Mouse
ENSMUSG00000063383	Zfp947	Mouse
ENSMUSG00000096433	Zfp994	Mouse
ENSMUSG00000117284	Gm7072	Mouse
ENSMUSG00000033972	Zfp944	Mouse
ENSMUSG00000071266	Zfp946	Mouse
ENSMUSG00000059142	Zfp945	Mouse
ENSMUSG00000022895	Ets2	Mouse
ENSMUSG00000071665	Foxr2	Mouse
ENSMUSG00000034333	Zbed4	Mouse
ENSMUSG00000021604	Irx4	Mouse
ENSMUSG00000049038	Mterf2	Mouse
ENSMUSG00000002996	Hbp1	Mouse
ENSMUSG00000021743	Fezf2	Mouse
ENSMUSG00000055874	Foxi3	Mouse
ENSMUSG00000005698	Ctcf	Mouse
ENSMUSG00000033730	Egr3	Mouse
ENSMUSG00000034522	Zfp395	Mouse
ENSMUSG00000071477	Zfp777	Mouse
ENSMUSG00000069184	Zfp72	Mouse
ENSMUSG00000044597	Mycs	Mouse
ENSMUSG00000001504	Irx2	Mouse
ENSMUSG00000031103	Elf4	Mouse
ENSMUSG00000042439	Zfp532	Mouse
ENSMUSG00000057691	Zfp746	Mouse
ENSMUSG00000022760	Thap7	Mouse
ENSMUSG00000021972	Hmbox1	Mouse
ENSMUSG00000033713	Foxn3	Mouse
ENSMUSG00000060969	Irx1	Mouse
ENSMUSG00000025912	Mybl1	Mouse
ENSMUSG00000034673	Pbx2	Mouse
ENSMUSG00000024137	E4f1	Mouse
ENSMUSG00000034998	Foxn2	Mouse
ENSMUSG00000046380	Jrk	Mouse
ENSMUSG00000022601	Zbtb11	Mouse
ENSMUSG00000047146	Tet1	Mouse
ENSMUSG00000062012	Zfp13	Mouse
ENSMUSG00000050954	Zfp169	Mouse
ENSMUSG00000040732	Erg	Mouse
ENSMUSG00000041649	Klf8	Mouse
ENSMUSG00000052942	Glis3	Mouse
ENSMUSG00000024497	Pou4f3	Mouse
ENSMUSG00000022139	Mbnl2	Mouse
ENSMUSG00000062713	Sim2	Mouse
ENSMUSG00000044186	Nkx2-6	Mouse
ENSMUSG00000031902	Nfatc3	Mouse
ENSMUSG00000031921	Terf2	Mouse
ENSMUSG00000049164	Zfp518a	Mouse
ENSMUSG00000068079	Tcf15	Mouse
ENSMUSG00000018537	Pcgf2	Mouse
ENSMUSG00000062518	Zfp534	Mouse
ENSMUSG00000078495	Zfp984	Mouse
ENSMUSG00000033237	Arid2	Mouse
ENSMUSG00000028358	Zfp618	Mouse
ENSMUSG00000029563	Foxp2	Mouse
ENSMUSG00000019789	Hey2	Mouse
ENSMUSG00000023443	Esx1	Mouse
ENSMUSG00000073705	Cenps	Mouse
ENSMUSG00000053007	Creb5	Mouse
ENSMUSG00000047141	Zfp654	Mouse
ENSMUSG00000035799	Twist1	Mouse
ENSMUSG00000026468	Lhx4	Mouse
ENSMUSG00000032053	Pou2af1	Mouse
ENSMUSG00000039789	Zfp597	Mouse
ENSMUSG00000004151	Etv1	Mouse
ENSMUSG00000036816	Atoh7	Mouse
ENSMUSG00000035187	Nkx6-1	Mouse
ENSMUSG00000068551	Zfp467	Mouse
ENSMUSG00000003847	Nfat5	Mouse
ENSMUSG00000007812	Zfp655	Mouse
ENSMUSG00000053477	Tcf4	Mouse
ENSMUSG00000048562	Sp8	Mouse
ENSMUSG00000047591	Mafa	Mouse
ENSMUSG00000025408	Ddit3	Mouse
ENSMUSG00000038193	Hand2	Mouse
ENSMUSG00000032329	Hmg20a	Mouse
ENSMUSG00000042496	Prdm10	Mouse
ENSMUSG00000039158	Akna	Mouse
ENSMUSG00000003382	Etv3	Mouse
ENSMUSG00000025323	Sp4	Mouse
ENSMUSG00000030353	Tead4	Mouse
ENSMUSG00000034161	Scx	Mouse
ENSMUSG00000025216	Lbx1	Mouse
ENSMUSG00000055067	Smyd3	Mouse
ENSMUSG00000054604	Cggbp1	Mouse
ENSMUSG00000034041	Lyl1	Mouse
ENSMUSG00000041258	Zfp236	Mouse
ENSMUSG00000049606	Zfp644	Mouse
ENSMUSG00000118505	Etv3l	Mouse
ENSMUSG00000025215	Tlx1	Mouse
ENSMUSG00000054939	Zfp174	Mouse
ENSMUSG00000048251	Bcl11b	Mouse
ENSMUSG00000005718	Tfap4	Mouse
ENSMUSG00000038482	Tfdp1	Mouse
ENSMUSG00000032318	Isl2	Mouse
ENSMUSG00000031728	Zfp821	Mouse
ENSMUSG00000029112	Nkx1-1	Mouse
ENSMUSG00000070420	Zscan25	Mouse
ENSMUSG00000066797	Zfp648	Mouse
ENSMUSG00000028389	Zfp37	Mouse
ENSMUSG00000072889	Nfxl1	Mouse
ENSMUSG00000067860	Zic3	Mouse
ENSMUSG00000024420	Zfp521	Mouse
ENSMUSG00000025409	Mbd6	Mouse
ENSMUSG00000071054	Safb	Mouse
ENSMUSG00000021264	Yy1	Mouse
ENSMUSG00000050295	Foxc1	Mouse
ENSMUSG00000016477	E2f3	Mouse
ENSMUSG00000021356	Irf4	Mouse
ENSMUSG00000036461	Elf1	Mouse
ENSMUSG00000001419	Mef2d	Mouse
ENSMUSG00000046962	Zbtb21	Mouse
ENSMUSG00000039087	Rreb1	Mouse
ENSMUSG00000044167	Foxo1	Mouse
ENSMUSG00000024515	Smad4	Mouse
ENSMUSG00000062397	Zfp706	Mouse
ENSMUSG00000033454	Zbtb1	Mouse
ENSMUSG00000004842	Pou1f1	Mouse
ENSMUSG00000015522	Arnt	Mouse
ENSMUSG00000021109	Hif1a	Mouse
ENSMUSG00000093668	Pou5f2	Mouse
ENSMUSG00000024561	Mbd1	Mouse
ENSMUSG00000009733	Tfcp2	Mouse
ENSMUSG00000041730	Prrxl1	Mouse
ENSMUSG00000019256	Ahr	Mouse
ENSMUSG00000049823	Zbtb12	Mouse
ENSMUSG00000063889	Crem	Mouse
ENSMUSG00000055799	Tcf7l1	Mouse
ENSMUSG00000023034	Nr4a1	Mouse
ENSMUSG00000040429	Mterf1a	Mouse
ENSMUSG00000053178	Mterf1b	Mouse
ENSMUSG00000071262	Zfp957	Mouse
ENSMUSG00000091519	Skor2	Mouse
ENSMUSG00000025105	Bnc1	Mouse
ENSMUSG00000046982	Tshz1	Mouse
ENSMUSG00000004872	Pax3	Mouse
ENSMUSG00000073176	Zfp449	Mouse
ENSMUSG00000046886	Zfp474	Mouse
ENSMUSG00000025612	Bach1	Mouse
ENSMUSG00000041565	L3mbtl4	Mouse
ENSMUSG00000056459	Zbtb25	Mouse
ENSMUSG00000024548	Setbp1	Mouse
ENSMUSG00000028807	Zbtb8a	Mouse
ENSMUSG00000037465	Klf10	Mouse
ENSMUSG00000042625	Safb2	Mouse
ENSMUSG00000026491	Ahctf1	Mouse
ENSMUSG00000056758	Hmga2	Mouse
ENSMUSG00000054191	Klf1	Mouse
ENSMUSG00000063568	Jazf1	Mouse
ENSMUSG00000052406	Rexo4	Mouse
ENSMUSG00000040187	Arntl2	Mouse
ENSMUSG00000038151	Prdm1	Mouse
ENSMUSG00000033669	Zfp7	Mouse
ENSMUSG00000116024	Gm49527	Mouse
ENSMUSG00000048410	Zfp407	Mouse
ENSMUSG00000015461	Atf6b	Mouse
ENSMUSG00000029627	Zkscan14	Mouse
ENSMUSG00000053080	Zfta	Mouse
ENSMUSG00000044636	Csrnp2	Mouse
ENSMUSG00000044676	Zfp612	Mouse
ENSMUSG00000092094	Zfp804b	Mouse
ENSMUSG00000052040	Klf13	Mouse
ENSMUSG00000022987	Zfp641	Mouse
ENSMUSG00000038255	Neurod2	Mouse
ENSMUSG00000031907	Zfp90	Mouse
ENSMUSG00000005893	Nr2c2	Mouse
ENSMUSG00000000078	Klf6	Mouse
ENSMUSG00000048402	Gli2	Mouse
ENSMUSG00000008976	Gabpa	Mouse
ENSMUSG00000053950	Adnp2	Mouse
ENSMUSG00000055835	Zfp1	Mouse
ENSMUSG00000027967	Neurog2	Mouse
ENSMUSG00000034762	Glis1	Mouse
ENSMUSG00000020950	Foxg1	Mouse
ENSMUSG00000020052	Ascl1	Mouse
ENSMUSG00000037992	Rara	Mouse
ENSMUSG00000014303	Glis2	Mouse
ENSMUSG00000036098	Myrf	Mouse
ENSMUSG00000021848	Otx2	Mouse
ENSMUSG00000030059	Tmf1	Mouse
ENSMUSG00000038346	Zfp384	Mouse
ENSMUSG00000030087	Klf15	Mouse
ENSMUSG00000037174	Elf2	Mouse
ENSMUSG00000062939	Stat4	Mouse
ENSMUSG00000023333	Gcm1	Mouse
ENSMUSG00000041130	Zfp598	Mouse
ENSMUSG00000045608	Dbx2	Mouse
ENSMUSG00000028610	Dmrtb1	Mouse
ENSMUSG00000063804	Lin28b	Mouse
ENSMUSG00000004231	Pax2	Mouse
ENSMUSG00000042414	Prdm14	Mouse
ENSMUSG00000014550	Rbsn	Mouse
ENSMUSG00000038872	Zfhx3	Mouse
ENSMUSG00000023027	Atf1	Mouse
ENSMUSG00000008398	Elk3	Mouse
ENSMUSG00000035934	Pknox2	Mouse
ENSMUSG00000024560	Cxxc1	Mouse
ENSMUSG00000027985	Lef1	Mouse
ENSMUSG00000033837	Foxh1	Mouse
ENSMUSG00000020889	Nr1d1	Mouse
ENSMUSG00000051367	Six1	Mouse
ENSMUSG00000019947	Arid5b	Mouse
ENSMUSG00000039531	Zup1	Mouse
ENSMUSG00000021221	Dpf3	Mouse
ENSMUSG00000047819	Tigd4	Mouse
ENSMUSG00000037001	Zfp39	Mouse
ENSMUSG00000014039	Prdm15	Mouse
ENSMUSG00000034430	Zxdc	Mouse
ENSMUSG00000032745	Gpbp1	Mouse
ENSMUSG00000060257	Scrt2	Mouse
ENSMUSG00000058756	Thra	Mouse
ENSMUSG00000014592	Camta1	Mouse
ENSMUSG00000029553	Tfec	Mouse
ENSMUSG00000029754	Dlx6	Mouse
ENSMUSG00000047710	Champ1	Mouse
ENSMUSG00000024513	Mbd2	Mouse
ENSMUSG00000000861	Bcl11a	Mouse
ENSMUSG00000024406	Pou5f1	Mouse
ENSMUSG00000032419	Tbx18	Mouse
ENSMUSG00000047407	Tgif1	Mouse
ENSMUSG00000022556	Hsf1	Mouse
ENSMUSG00000021481	Zfp346	Mouse
ENSMUSG00000029475	Kdm2b	Mouse
ENSMUSG00000032035	Ets1	Mouse
ENSMUSG00000044646	Zbtb7c	Mouse
ENSMUSG00000019803	Nr2e1	Mouse
ENSMUSG00000024238	Zeb1	Mouse
ENSMUSG00000069378	Prdm6	Mouse
ENSMUSG00000049672	Zbtb14	Mouse
ENSMUSG00000049295	Zfp219	Mouse
ENSMUSG00000037621	Atoh8	Mouse
ENSMUSG00000032033	Barx2	Mouse
ENSMUSG00000037868	Egr2	Mouse
ENSMUSG00000050600	Zfp831	Mouse
ENSMUSG00000022306	Zfpm2	Mouse
ENSMUSG00000022479	Vdr	Mouse
ENSMUSG00000029832	Nfe2l3	Mouse
ENSMUSG00000009739	Pou6f1	Mouse
ENSMUSG00000022010	Tsc22d1	Mouse
ENSMUSG00000021095	Gsc	Mouse
ENSMUSG00000091474	2610021A01Rik	Mouse
ENSMUSG00000047638	Nr1h4	Mouse
ENSMUSG00000031706	Rfx1	Mouse
ENSMUSG00000029755	Dlx5	Mouse
ENSMUSG00000021099	Six6	Mouse
ENSMUSG00000063659	Zbtb18	Mouse
ENSMUSG00000055917	Zfp277	Mouse
ENSMUSG00000035420	Fam170a	Mouse
ENSMUSG00000036144	Meox2	Mouse
ENSMUSG00000052751	Repin1	Mouse
ENSMUSG00000048385	Scrt1	Mouse
ENSMUSG00000021055	Esr2	Mouse
ENSMUSG00000025019	Lcor	Mouse
ENSMUSG00000047003	Zfp41	Mouse
ENSMUSG00000000134	Tfe3	Mouse
ENSMUSG00000019826	Zbtb24	Mouse
ENSMUSG00000050945	Zfp438	Mouse
ENSMUSG00000022536	Glyr1	Mouse
ENSMUSG00000022286	Grhl2	Mouse
ENSMUSG00000099032	Tcf24	Mouse
ENSMUSG00000020472	Zkscan17	Mouse
ENSMUSG00000038402	Foxf2	Mouse
ENSMUSG00000020275	Rel	Mouse
ENSMUSG00000022510	Trp63	Mouse
ENSMUSG00000031162	Gata1	Mouse
ENSMUSG00000058881	Zfp516	Mouse
ENSMUSG00000033016	Nfatc1	Mouse
ENSMUSG00000024206	Rfx2	Mouse
ENSMUSG00000048485	Zbtb8b	Mouse
ENSMUSG00000041540	Sox5	Mouse
ENSMUSG00000022526	Zfp251	Mouse
ENSMUSG00000056749	Nfil3	Mouse
ENSMUSG00000036686	Cc2d1a	Mouse
ENSMUSG00000022508	Bcl6	Mouse
ENSMUSG00000049532	Sall2	Mouse
ENSMUSG00000004359	Spic	Mouse
ENSMUSG00000018168	Ikzf3	Mouse
ENSMUSG00000031870	Pgr	Mouse
ENSMUSG00000021485	Mxd3	Mouse
ENSMUSG00000029290	Zfp326	Mouse
ENSMUSG00000052271	Bhlha15	Mouse
ENSMUSG00000047171	Helt	Mouse
ENSMUSG00000015697	Setdb1	Mouse
ENSMUSG00000069171	Nr2f1	Mouse
ENSMUSG00000026380	Tfcp2l1	Mouse
ENSMUSG00000030256	Bhlhe41	Mouse
ENSMUSG00000013089	Etv5	Mouse
ENSMUSG00000022529	Zfp263	Mouse
ENSMUSG00000071661	Zbtb3	Mouse
ENSMUSG00000031627	Irf2	Mouse
ENSMUSG00000021469	Msx2	Mouse
ENSMUSG00000055239	Kcmf1	Mouse
ENSMUSG00000054967	Zfp647	Mouse
ENSMUSG00000038679	Trps1	Mouse
ENSMUSG00000037855	Zfp365	Mouse
ENSMUSG00000046518	Ferd3l	Mouse
ENSMUSG00000025602	Zfp202	Mouse
ENSMUSG00000005583	Mef2c	Mouse
ENSMUSG00000066456	Hmgn3	Mouse
ENSMUSG00000048756	Foxo3	Mouse
ENSMUSG00000016087	Fli1	Mouse
ENSMUSG00000038415	Foxq1	Mouse
ENSMUSG00000022330	Osr2	Mouse
ENSMUSG00000024565	Sall3	Mouse
ENSMUSG00000034384	Barhl2	Mouse
ENSMUSG00000044220	Nkx2-3	Mouse
ENSMUSG00000061013	Mkx	Mouse
ENSMUSG00000034460	Six4	Mouse
ENSMUSG00000001911	Nfix	Mouse
ENSMUSG00000055991	Zkscan5	Mouse
ENSMUSG00000005886	Ncoa2	Mouse
ENSMUSG00000040209	Zfp704	Mouse
ENSMUSG00000001655	Hoxc13	Mouse
ENSMUSG00000079215	Zfp664	Mouse
ENSMUSG00000059689	Zfp637	Mouse
ENSMUSG00000040433	Zbtb38	Mouse
ENSMUSG00000038895	Zfp653	Mouse
ENSMUSG00000026436	Elk4	Mouse
ENSMUSG00000001418	Glmp	Mouse
ENSMUSG00000037262	Kin	Mouse
ENSMUSG00000039081	Zfp503	Mouse
ENSMUSG00000004099	Dnmt1	Mouse
ENSMUSG00000028639	Ybx1	Mouse
ENSMUSG00000060862	Zbtb40	Mouse
ENSMUSG00000009741	Ubp1	Mouse
ENSMUSG00000008193	Spib	Mouse
ENSMUSG00000059246	Foxb1	Mouse
ENSMUSG00000048001	Hes5	Mouse
ENSMUSG00000027794	Sohlh2	Mouse
ENSMUSG00000041578	Crx	Mouse
ENSMUSG00000038932	Tcfl5	Mouse
ENSMUSG00000074194	Zfp791	Mouse
ENSMUSG00000040761	Spen	Mouse
ENSMUSG00000035923	Myf6	Mouse
ENSMUSG00000045680	Tcf21	Mouse
ENSMUSG00000046532	Ar	Mouse
ENSMUSG00000005267	Zfp287	Mouse
ENSMUSG00000057101	Zfp180	Mouse
ENSMUSG00000043903	Zfp469	Mouse
ENSMUSG00000045519	Zfp560	Mouse
ENSMUSG00000000942	Hoxa4	Mouse
ENSMUSG00000046574	Prr12	Mouse
ENSMUSG00000048728	Zfp454	Mouse
ENSMUSG00000039656	Rxrb	Mouse
ENSMUSG00000001661	Hoxc6	Mouse
ENSMUSG00000034832	Tet3	Mouse
ENSMUSG00000030145	Zfp248	Mouse
ENSMUSG00000027660	Skil	Mouse
ENSMUSG00000051390	Zbtb22	Mouse
ENSMUSG00000015882	Lcorl	Mouse
ENSMUSG00000033943	Mga	Mouse
ENSMUSG00000014198	Zfp385c	Mouse
ENSMUSG00000026628	Atf3	Mouse
ENSMUSG00000028736	Pax7	Mouse
ENSMUSG00000048626	Klf17	Mouse
ENSMUSG00000028042	Zbtb7b	Mouse
ENSMUSG00000022485	Hoxc5	Mouse
ENSMUSG00000092544	Gm20422	Mouse
ENSMUSG00000074472	Zfp872	Mouse
ENSMUSG00000002249	Tead3	Mouse
ENSMUSG00000049321	Zfp2	Mouse
ENSMUSG00000030544	Mesp1	Mouse
ENSMUSG00000067261	Foxd3	Mouse
ENSMUSG00000000938	Hoxa10	Mouse
ENSMUSG00000021779	Thrb	Mouse
ENSMUSG00000073209	Klf14	Mouse
ENSMUSG00000074500	Zfp558	Mouse
ENSMUSG00000052684	Jun	Mouse
ENSMUSG00000048012	Zfp473	Mouse
ENSMUSG00000039841	Zfp800	Mouse
ENSMUSG00000078796	Zfp541	Mouse
ENSMUSG00000001103	Sebox	Mouse
ENSMUSG00000032652	Crebl2	Mouse
ENSMUSG00000030811	Fbxl19	Mouse
ENSMUSG00000047342	Zfp286	Mouse
ENSMUSG00000024955	Esrra	Mouse
ENSMUSG00000046185	Zfp84	Mouse
ENSMUSG00000014859	E2f4	Mouse
ENSMUSG00000040033	Stat2	Mouse
ENSMUSG00000029556	Hnf1a	Mouse
ENSMUSG00000047861	Foxi1	Mouse
ENSMUSG00000017421	Zfp207	Mouse
ENSMUSG00000054716	Zfp771	Mouse
ENSMUSG00000033726	Emx1	Mouse
ENSMUSG00000044312	Neurog3	Mouse
ENSMUSG00000097084	Foxl1	Mouse
ENSMUSG00000079605	Zbtb9	Mouse
ENSMUSG00000117819	Gm50253	Mouse
ENSMUSG00000078503	Zfp990	Mouse
ENSMUSG00000058186	Zfp980	Mouse
ENSMUSG00000078500	Zfp986	Mouse
ENSMUSG00000066009	Zfp987	Mouse
ENSMUSG00000070605	Zfp992	Mouse
ENSMUSG00000056300	Zfp981	Mouse
ENSMUSG00000063245	Zfp993	Mouse
ENSMUSG00000045699	Gm21411	Mouse
ENSMUSG00000086147	Zfp989	Mouse
ENSMUSG00000067919	Rex2	Mouse
ENSMUSG00000067916	Zfp991	Mouse
ENSMUSG00000078498	Zfp988	Mouse
ENSMUSG00000078497	Zfp978	Mouse
ENSMUSG00000065999	Zfp985	Mouse
ENSMUSG00000066000	Zfp979	Mouse
ENSMUSG00000078249	Hmga1b	Mouse
ENSMUSG00000058665	En1	Mouse
ENSMUSG00000025255	Zfhx4	Mouse
ENSMUSG00000078580	E430018J23Rik	Mouse
ENSMUSG00000045757	Zfp764	Mouse
ENSMUSG00000002250	Ppard	Mouse
ENSMUSG00000004328	Hif3a	Mouse
ENSMUSG00000034968	Lbx2	Mouse
ENSMUSG00000038705	Gmeb2	Mouse
ENSMUSG00000067430	Zfp763	Mouse
ENSMUSG00000048904	Neurog1	Mouse
ENSMUSG00000028163	Nfkb1	Mouse
ENSMUSG00000073423	Zfp414	Mouse
ENSMUSG00000060601	Nr1h2	Mouse
ENSMUSG00000020647	Ncoa1	Mouse
ENSMUSG00000031965	Tbx20	Mouse
ENSMUSG00000017491	Rarb	Mouse
ENSMUSG00000024985	Tcf7l2	Mouse
ENSMUSG00000030796	Tead2	Mouse
ENSMUSG00000026610	Esrrg	Mouse
ENSMUSG00000015619	Gata3	Mouse
ENSMUSG00000027466	Rbck1	Mouse
ENSMUSG00000045598	Zfp553	Mouse
ENSMUSG00000031487	Brf2	Mouse
ENSMUSG00000030322	Mbd4	Mouse
ENSMUSG00000039410	Prdm16	Mouse
ENSMUSG00000032398	Snapc5	Mouse
ENSMUSG00000001156	Mxd1	Mouse
ENSMUSG00000037638	Zbtb42	Mouse
ENSMUSG00000042472	Zfp410	Mouse
ENSMUSG00000067438	Hmx1	Mouse
ENSMUSG00000025958	Creb1	Mouse
ENSMUSG00000063047	Zfp780b	Mouse
ENSMUSG00000011427	Zfp790	Mouse
ENSMUSG00000047371	Zfp768	Mouse
ENSMUSG00000002983	Relb	Mouse
ENSMUSG00000028890	Mtf1	Mouse
ENSMUSG00000055116	Arntl	Mouse
ENSMUSG00000075327	Zbtb2	Mouse
ENSMUSG00000032292	Nr2e3	Mouse
ENSMUSG00000018899	Irf1	Mouse
ENSMUSG00000052675	Zfp112	Mouse
ENSMUSG00000056019	Zfp709	Mouse
ENSMUSG00000089857	Zfp882	Mouse
ENSMUSG00000066880	Zfp617	Mouse
ENSMUSG00000024298	Zfp871	Mouse
ENSMUSG00000055202	Zfp811	Mouse
ENSMUSG00000095253	Zfp799	Mouse
ENSMUSG00000095325	Zfp870	Mouse
ENSMUSG00000053600	Zfp472	Mouse
ENSMUSG00000053390	Zfp952	Mouse
ENSMUSG00000067424	Zfp563	Mouse
ENSMUSG00000094441	Zfp955a	Mouse
ENSMUSG00000096910	Zfp955b	Mouse
ENSMUSG00000003929	Zfp81	Mouse
ENSMUSG00000055240	Zfp101	Mouse
ENSMUSG00000038342	Mlxip	Mouse
ENSMUSG00000001656	Hoxc11	Mouse
ENSMUSG00000041995	Zbed3	Mouse
ENSMUSG00000001493	Meox1	Mouse
ENSMUSG00000060284	Sp7	Mouse
ENSMUSG00000057156	Homez	Mouse
ENSMUSG00000074405	Zfp865	Mouse
ENSMUSG00000045336	Hsfy2	Mouse
ENSMUSG00000003184	Irf3	Mouse
ENSMUSG00000040054	Baz2a	Mouse
ENSMUSG00000029697	Fezf1	Mouse
ENSMUSG00000044934	Zfp367	Mouse
ENSMUSG00000049739	Zfp646	Mouse
ENSMUSG00000034035	Ccdc17	Mouse
ENSMUSG00000046556	Zfp319	Mouse
ENSMUSG00000025577	Cbx2	Mouse
ENSMUSG00000023781	Hes7	Mouse
ENSMUSG00000038535	Zfp280d	Mouse
ENSMUSG00000017688	Hnf4g	Mouse
ENSMUSG00000044243	Bhlha9	Mouse
ENSMUSG00000042258	Isl1	Mouse
ENSMUSG00000000085	Scmh1	Mouse
ENSMUSG00000052435	Cebpe	Mouse
ENSMUSG00000049878	Rlf	Mouse
ENSMUSG00000046957	Spz1	Mouse
ENSMUSG00000042622	Maff	Mouse
ENSMUSG00000036602	Alx1	Mouse
ENSMUSG00000019768	Esr1	Mouse
ENSMUSG00000040891	Foxa3	Mouse
ENSMUSG00000032015	Pou2f3	Mouse
ENSMUSG00000022528	Hes1	Mouse
ENSMUSG00000055320	Tead1	Mouse
ENSMUSG00000048540	Nhlh2	Mouse
ENSMUSG00000027582	Zgpat	Mouse
ENSMUSG00000090125	Pou3f1	Mouse
ENSMUSG00000028053	Ash1l	Mouse
ENSMUSG00000067071	Hes6	Mouse
ENSMUSG00000015709	Arnt2	Mouse
ENSMUSG00000068302	Noto	Mouse
ENSMUSG00000042477	Tfap2e	Mouse
ENSMUSG00000014767	Tbp	Mouse
ENSMUSG00000051510	Mafg	Mouse
ENSMUSG00000001280	Sp1	Mouse
ENSMUSG00000052135	Foxo6	Mouse
ENSMUSG00000071359	Tbpl1	Mouse
ENSMUSG00000022361	Zhx1	Mouse
ENSMUSG00000019900	Rfx6	Mouse
ENSMUSG00000030699	Tbx6	Mouse
ENSMUSG00000009734	Pou6f2	Mouse
ENSMUSG00000099689	Zfp383	Mouse
ENSMUSG00000040524	Zfp609	Mouse
ENSMUSG00000024176	Sox8	Mouse
ENSMUSG00000026572	Tbx19	Mouse
ENSMUSG00000051351	Zfp46	Mouse
ENSMUSG00000044617	Zbtb39	Mouse
ENSMUSG00000028565	Nfia	Mouse
ENSMUSG00000050846	Zfp623	Mouse
ENSMUSG00000085795	Zfp703	Mouse
ENSMUSG00000055210	Foxd2	Mouse
ENSMUSG00000049728	Zfp668	Mouse
ENSMUSG00000013419	Zfp651	Mouse
ENSMUSG00000026497	Mixl1	Mouse
ENSMUSG00000020538	Srebf1	Mouse
ENSMUSG00000063894	Zkscan8	Mouse
ENSMUSG00000038797	Zscan2	Mouse
ENSMUSG00000043219	Hoxa6	Mouse
ENSMUSG00000057098	Ebf1	Mouse
ENSMUSG00000021685	Otp	Mouse
ENSMUSG00000029913	Prdm5	Mouse
ENSMUSG00000042207	Kdm5b	Mouse
ENSMUSG00000031326	Cdx4	Mouse
ENSMUSG00000044807	Zfp354c	Mouse
ENSMUSG00000032744	Heyl	Mouse
ENSMUSG00000059842	Zfp341	Mouse
ENSMUSG00000028946	Hes3	Mouse
ENSMUSG00000034777	Vax2	Mouse
ENSMUSG00000038253	Hoxa5	Mouse
ENSMUSG00000015627	Gata5	Mouse
ENSMUSG00000035951	Ascl3	Mouse
ENSMUSG00000044390	Tigd3	Mouse
ENSMUSG00000067942	Zfp160	Mouse
ENSMUSG00000049764	Zfp280b	Mouse
ENSMUSG00000054611	Kdm2a	Mouse
ENSMUSG00000047603	Zfp235	Mouse
ENSMUSG00000068962	Zfp114	Mouse
ENSMUSG00000074283	Zfp109	Mouse
ENSMUSG00000030486	Zfp108	Mouse
ENSMUSG00000055305	Zfp93	Mouse
ENSMUSG00000074406	Zfp628	Mouse
ENSMUSG00000039699	Batf2	Mouse
ENSMUSG00000028150	Rorc	Mouse
ENSMUSG00000042812	Foxf1	Mouse
ENSMUSG00000028940	Hes2	Mouse
ENSMUSG00000048921	Zfp689	Mouse
ENSMUSG00000032402	Smad3	Mouse
ENSMUSG00000059475	Zfp426	Mouse
ENSMUSG00000027552	E2f5	Mouse
ENSMUSG00000044519	Zfp488	Mouse
ENSMUSG00000016503	Gtf3a	Mouse
ENSMUSG00000030584	Dpf1	Mouse
ENSMUSG00000032238	Rora	Mouse
ENSMUSG00000034486	Gbx2	Mouse
ENSMUSG00000029646	Cdx2	Mouse
ENSMUSG00000000782	Tcf7	Mouse
ENSMUSG00000004661	Arid3b	Mouse
ENSMUSG00000029706	Pax4	Mouse
ENSMUSG00000031738	Irx6	Mouse
ENSMUSG00000061374	Fiz1	Mouse
ENSMUSG00000029050	Ski	Mouse
ENSMUSG00000040632	Nrl	Mouse
ENSMUSG00000018347	Zkscan6	Mouse
ENSMUSG00000054931	Zkscan4	Mouse
ENSMUSG00000066721	Zfp575	Mouse
ENSMUSG00000028271	Gtf2b	Mouse
ENSMUSG00000026222	Sp100	Mouse
ENSMUSG00000059436	Max	Mouse
ENSMUSG00000029249	Rest	Mouse
ENSMUSG00000059975	Zfp74	Mouse
ENSMUSG00000072623	Zfp9	Mouse
ENSMUSG00000049577	Zfpm1	Mouse
ENSMUSG00000048015	Neurod4	Mouse
ENSMUSG00000032411	Tfdp2	Mouse
ENSMUSG00000024220	Zfp523	Mouse
ENSMUSG00000027667	Zfp639	Mouse
ENSMUSG00000051246	Msantd1	Mouse
ENSMUSG00000025930	Msc	Mouse
ENSMUSG00000029595	Lhx5	Mouse
ENSMUSG00000040489	Sox30	Mouse
ENSMUSG00000037235	Mxd4	Mouse
ENSMUSG00000064043	Trerf1	Mouse
ENSMUSG00000002325	Irf9	Mouse
ENSMUSG00000025050	Pcgf6	Mouse
ENSMUSG00000026586	Prrx1	Mouse
ENSMUSG00000026630	Batf3	Mouse
ENSMUSG00000045251	Zfp688	Mouse
ENSMUSG00000031734	Irx3	Mouse
ENSMUSG00000061894	Zscan20	Mouse
ENSMUSG00000030557	Mef2a	Mouse
ENSMUSG00000052414	Gm28047	Mouse
ENSMUSG00000099083	Atf7	Mouse
ENSMUSG00000037214	Thap1	Mouse
ENSMUSG00000028952	Zbtb48	Mouse
ENSMUSG00000027938	Creb3l4	Mouse
ENSMUSG00000011267	Zfp296	Mouse
ENSMUSG00000050397	Foxl2	Mouse
ENSMUSG00000050619	Zscan29	Mouse
ENSMUSG00000039238	Zfp750	Mouse
ENSMUSG00000006215	Zbtb17	Mouse
ENSMUSG00000071076	Jund	Mouse
ENSMUSG00000021239	Vsx2	Mouse
ENSMUSG00000044542	Prop1	Mouse
ENSMUSG00000010175	Prox1	Mouse
ENSMUSG00000033006	Sox10	Mouse
ENSMUSG00000039095	En2	Mouse
ENSMUSG00000026017	Carf	Mouse
ENSMUSG00000025364	Pa2g4	Mouse
ENSMUSG00000045639	Zfp629	Mouse
ENSMUSG00000028487	Bnc2	Mouse
ENSMUSG00000051817	Sox12	Mouse
ENSMUSG00000023391	Dlx2	Mouse
ENSMUSG00000052616	Terb1	Mouse
ENSMUSG00000052837	Junb	Mouse
ENSMUSG00000042390	Gatad2b	Mouse
ENSMUSG00000028707	Dmbx1	Mouse
ENSMUSG00000025959	Klf7	Mouse
ENSMUSG00000051550	Zfp579	Mouse
ENSMUSG00000029265	Dr1	Mouse
ENSMUSG00000030551	Nr2f2	Mouse
ENSMUSG00000040841	Six5	Mouse
ENSMUSG00000039191	Rbpj	Mouse
ENSMUSG00000015579	Nkx2-5	Mouse
ENSMUSG00000032171	Pin1	Mouse
ENSMUSG00000027490	E2f1	Mouse
ENSMUSG00000036499	Eea1	Mouse
ENSMUSG00000058230	Arhgap35	Mouse
ENSMUSG00000032515	Csrnp1	Mouse
ENSMUSG00000047264	Zfp358	Mouse
ENSMUSG00000002028	Kmt2a	Mouse
ENSMUSG00000039377	Hlx	Mouse
ENSMUSG00000006587	Snai3	Mouse
ENSMUSG00000001988	Npas1	Mouse
ENSMUSG00000068859	Sp9	Mouse
ENSMUSG00000026459	Myog	Mouse
ENSMUSG00000022811	Zfp148	Mouse
ENSMUSG00000017801	Mlx	Mouse
ENSMUSG00000025056	Nr0b1	Mouse
ENSMUSG00000037447	Arid5a	Mouse
ENSMUSG00000063672	Nkx6-3	Mouse
ENSMUSG00000043013	Onecut1	Mouse
ENSMUSG00000050605	Zfp61	Mouse
ENSMUSG00000052446	Zfp961	Mouse
ENSMUSG00000029771	Irf5	Mouse
ENSMUSG00000023284	Zfp605	Mouse
ENSMUSG00000055435	Maf	Mouse
ENSMUSG00000049691	Nkx3-2	Mouse
ENSMUSG00000046714	Foxc2	Mouse
ENSMUSG00000050328	Hoxc12	Mouse
ENSMUSG00000029267	Mtf2	Mouse
ENSMUSG00000021506	Pitx1	Mouse
ENSMUSG00000027868	Tbx15	Mouse
ENSMUSG00000079681	Zglp1	Mouse
ENSMUSG00000011837	Snapc2	Mouse
ENSMUSG00000020919	Stat5b	Mouse
ENSMUSG00000001288	Rarg	Mouse
ENSMUSG00000056829	Foxb2	Mouse
ENSMUSG00000033249	Hsf4	Mouse
ENSMUSG00000037730	Mynn	Mouse
ENSMUSG00000062627	Mysm1	Mouse
ENSMUSG00000005836	Gata6	Mouse
ENSMUSG00000003545	Fosb	Mouse
ENSMUSG00000068327	Tlx2	Mouse
ENSMUSG00000019913	Sim1	Mouse
ENSMUSG00000028654	Mycl	Mouse
ENSMUSG00000023990	Tfeb	Mouse
ENSMUSG00000024081	Cebpz	Mouse
ENSMUSG00000032897	Nfyc	Mouse
ENSMUSG00000042508	Dmtf1	Mouse
ENSMUSG00000027583	Zbtb46	Mouse
ENSMUSG00000022389	Tef	Mouse
ENSMUSG00000048450	Msx1	Mouse
ENSMUSG00000027684	Mecom	Mouse
ENSMUSG00000019878	Hsf2	Mouse
ENSMUSG00000022245	Skor1	Mouse
ENSMUSG00000021540	Smad5	Mouse
ENSMUSG00000079509	Zfx	Mouse
ENSMUSG00000057637	Prdm2	Mouse
ENSMUSG00000026803	Ttf1	Mouse
ENSMUSG00000007805	Twist2	Mouse
ENSMUSG00000015846	Rxra	Mouse
ENSMUSG00000000435	Myf5	Mouse
ENSMUSG00000029275	Gfi1	Mouse
ENSMUSG00000032228	Tcf12	Mouse
ENSMUSG00000038805	Six3	Mouse
ENSMUSG00000023882	Zfp54	Mouse
ENSMUSG00000057093	Zfp607b	Mouse
ENSMUSG00000037640	Zfp60	Mouse
ENSMUSG00000030604	Zfp626	Mouse
ENSMUSG00000078779	Zfp59	Mouse
ENSMUSG00000020420	Zfp607a	Mouse
ENSMUSG00000096916	Zfp850	Mouse
ENSMUSG00000036139	Hoxc9	Mouse
ENSMUSG00000043467	Zbtb37	Mouse
ENSMUSG00000026104	Stat1	Mouse
ENSMUSG00000024050	Wiz	Mouse
ENSMUSG00000002057	Foxn1	Mouse
ENSMUSG00000042596	Tfap2d	Mouse
ENSMUSG00000032368	Zic1	Mouse
ENSMUSG00000006705	Pknox1	Mouse
ENSMUSG00000030001	Figla	Mouse
ENSMUSG00000015605	Srf	Mouse
ENSMUSG00000030678	Maz	Mouse
ENSMUSG00000035946	Gsx2	Mouse
ENSMUSG00000024193	Phf1	Mouse
ENSMUSG00000094410		Mouse
ENSMUSG00000055633	Zfp580	Mouse
ENSMUSG00000024045	Akap8	Mouse
ENSMUSG00000036972	Zic4	Mouse
ENSMUSG00000029844	Hoxa1	Mouse
ENSMUSG00000062327	T	Mouse
ENSMUSG00000032446	Eomes	Mouse
ENSMUSG00000038539	Atf5	Mouse
ENSMUSG00000031860	Pbx4	Mouse
ENSMUSG00000047388	Atmin	Mouse
ENSMUSG00000021318	Gli3	Mouse
ENSMUSG00000051413	Plagl2	Mouse
ENSMUSG00000036192	Rorb	Mouse
ENSMUSG00000042903	Foxo4	Mouse
ENSMUSG00000034042	Gpbp1l1	Mouse
ENSMUSG00000040943	Tet2	Mouse
ENSMUSG00000002578	Ikzf4	Mouse
ENSMUSG00000042097	Zfp239	Mouse
ENSMUSG00000058440	Nrf1	Mouse
ENSMUSG00000051184	Zfp524	Mouse
ENSMUSG00000109129	Gm44973	Mouse
ENSMUSG00000044647	Csrnp3	Mouse
ENSMUSG00000079033	Mef2b	Mouse
ENSMUSG00000031737	Irx5	Mouse
ENSMUSG00000038227	Hoxa9	Mouse
ENSMUSG00000004040	Stat3	Mouse
ENSMUSG00000042002	Foxn4	Mouse
ENSMUSG00000028634	Hivep3	Mouse
ENSMUSG00000029177	Cenpa	Mouse
ENSMUSG00000018263	Tbx5	Mouse
ENSMUSG00000027109	Sp3	Mouse
ENSMUSG00000030232	Aebp2	Mouse
ENSMUSG00000079560	Hoxa3	Mouse
ENSMUSG00000044296	Zfp879	Mouse
ENSMUSG00000018983	E2f2	Mouse
ENSMUSG00000031665	Sall1	Mouse
ENSMUSG00000053768	Chchd3	Mouse
ENSMUSG00000046311	Zfp62	Mouse
ENSMUSG00000074676	Foxs1	Mouse
ENSMUSG00000031621	Isx	Mouse
ENSMUSG00000001517	Foxm1	Mouse
ENSMUSG00000061079	Zfp143	Mouse
ENSMUSG00000049232	Tigd2	Mouse
ENSMUSG00000025025	Mxi1	Mouse
ENSMUSG00000039089	L3mbtl3	Mouse
ENSMUSG00000045333	Zfp423	Mouse
ENSMUSG00000037188	Grhl3	Mouse
ENSMUSG00000026805	Barhl1	Mouse
ENSMUSG00000028901	Gmeb1	Mouse
ENSMUSG00000038236	Hoxa7	Mouse
ENSMUSG00000041911	Dlx1	Mouse
ENSMUSG00000053747	Sox14	Mouse
ENSMUSG00000053877	Srcap	Mouse
ENSMUSG00000107023	Gm42715	Mouse
ENSMUSG00000009406	Elk1	Mouse
ENSMUSG00000026735	Ptf1a	Mouse
ENSMUSG00000035443	Thyn1	Mouse
ENSMUSG00000042197	Zfp451	Mouse
ENSMUSG00000064141	Zfp69	Mouse
ENSMUSG00000044518	Foxe3	Mouse
ENSMUSG00000019817	Plagl1	Mouse
ENSMUSG00000030543	Mesp2	Mouse
ENSMUSG00000048387	Osr1	Mouse
ENSMUSG00000040289	Hey1	Mouse
ENSMUSG00000025128	Bhlhe22	Mouse
ENSMUSG00000032369	Plscr1	Mouse
ENSMUSG00000032372	Plscr2	Mouse
ENSMUSG00000074139	1700057G04Rik	Mouse
ENSMUSG00000046010	Zfp830	Mouse
ENSMUSG00000029238	Clock	Mouse
ENSMUSG00000043290	Zfp784	Mouse
ENSMUSG00000030067	Foxp1	Mouse
ENSMUSG00000048502	Duxbl1	Mouse
ENSMUSG00000043753	Dmrta1	Mouse
ENSMUSG00000020364	Zfp354a	Mouse
ENSMUSG00000036036	Zfp57	Mouse
ENSMUSG00000069114	Zbtb10	Mouse
ENSMUSG00000018604	Tbx3	Mouse
ENSMUSG00000004043	Stat5a	Mouse
ENSMUSG00000014704	Hoxa2	Mouse
ENSMUSG00000028717	Tal1	Mouse
ENSMUSG00000020185	E2f7	Mouse
ENSMUSG00000045179	Sox3	Mouse
ENSMUSG00000008575	Nfib	Mouse
ENSMUSG00000036180	Gatad2a	Mouse
ENSMUSG00000001065	Zfp276	Mouse
ENSMUSG00000032496	Ltf	Mouse
ENSMUSG00000045591	Olig3	Mouse
ENSMUSG00000025927	Tfap2b	Mouse
ENSMUSG00000023411	Nfatc4	Mouse
ENSMUSG00000024215	Spdef	Mouse
ENSMUSG00000029178	Klf3	Mouse
ENSMUSG00000025229	Pitx3	Mouse
ENSMUSG00000042406	Atf4	Mouse
ENSMUSG00000118491	Gm44505	Mouse
ENSMUSG00000024695	Zfp91	Mouse
ENSMUSG00000005897	Nr2c1	Mouse
ENSMUSG00000039759	Thap3	Mouse
ENSMUSG00000035158	Mitf	Mouse
ENSMUSG00000074397	Foxr1	Mouse
ENSMUSG00000015597	Zfp318	Mouse
ENSMUSG00000025225	Nfkb2	Mouse
ENSMUSG00000071341	Egr4	Mouse
ENSMUSG00000017724	Etv4	Mouse
ENSMUSG00000015501	Hivep2	Mouse
ENSMUSG00000045268	Zfp691	Mouse
ENSMUSG00000032119	Hinfp	Mouse
ENSMUSG00000060510	Zfp266	Mouse
ENSMUSG00000037984	Neurod6	Mouse
ENSMUSG00000039153	Runx2	Mouse
ENSMUSG00000059878	Zfp422	Mouse
ENSMUSG00000037692	Ahdc1	Mouse
ENSMUSG00000045493	Bhlhe23	Mouse
ENSMUSG00000050966	Lin28a	Mouse
ENSMUSG00000000440	Pparg	Mouse
ENSMUSG00000047143	Dmrta2	Mouse
ENSMUSG00000103906	Tigd5	Mouse
ENSMUSG00000067724	Gbx1	Mouse
ENSMUSG00000054360	Bsx	Mouse
ENSMUSG00000020335	Zfp354b	Mouse
ENSMUSG00000054737	Zfp182	Mouse
ENSMUSG00000021775	Nr1d2	Mouse
ENSMUSG00000029026	Trp73	Mouse
ENSMUSG00000070034	Sp110	Mouse
ENSMUSG00000074282	Zfp94	Mouse
ENSMUSG00000030103	Bhlhe40	Mouse
ENSMUSG00000049184	Purg	Mouse
ENSMUSG00000032998	Foxj3	Mouse
ENSMUSG00000047473	Zfp30	Mouse
ENSMUSG00000030199	Etv6	Mouse
ENSMUSG00000053129	Gsx1	Mouse
ENSMUSG00000073043	Atoh1	Mouse
ENSMUSG00000002108	Nr1h3	Mouse
ENSMUSG00000027833	Shox2	Mouse
ENSMUSG00000048481	Mypop	Mouse
ENSMUSG00000046470	Sox18	Mouse
ENSMUSG00000050064	Zfp697	Mouse
ENSMUSG00000046572	Zfp518b	Mouse
ENSMUSG00000037492	Zmat4	Mouse
ENSMUSG00000035277	Arx	Mouse
ENSMUSG00000038210	Hoxa11	Mouse
ENSMUSG00000002147	Stat6	Mouse
ENSMUSG00000039275	Foxk2	Mouse
ENSMUSG00000055148	Klf2	Mouse
ENSMUSG00000001566	Mnx1	Mouse
ENSMUSG00000037674	Rfx7	Mouse
ENSMUSG00000038116	Phf20	Mouse
ENSMUSG00000047002	Msgn1	Mouse
ENSMUSG00000035456	Prdm8	Mouse
ENSMUSG00000022484	Hoxc10	Mouse
ENSMUSG00000028799	Zfp362	Mouse
ENSMUSG00000075304	Sp5	Mouse
ENSMUSG00000034227	Foxj1	Mouse
ENSMUSG00000025925	Terf1	Mouse
ENSMUSG00000029644	Pdx1	Mouse
ENSMUSG00000051451	Crebzf	Mouse
ENSMUSG00000034057	Myrfl	Mouse
ENSMUSG00000025407	Gli1	Mouse
ENSMUSG00000040721	Zfhx2	Mouse
ENSMUSG00000026815	Gfi1b	Mouse
ENSMUSG00000044365	Cxxc4	Mouse
ENSMUSG00000023932	Cdc5l	Mouse
ENSMUSG00000014603	Alx3	Mouse
ENSMUSG00000075394	Hoxc4	Mouse
ENSMUSG00000064264	Zfp428	Mouse
ENSMUSG00000057551	Zfp317	Mouse
ENSMUSG00000005503	Evx1	Mouse
ENSMUSG00000000823	Zfp512b	Mouse
ENSMUSG00000038331	Satb2	Mouse
ENSMUSG00000002625	Akap8l	Mouse
ENSMUSG00000094870	Zfp131	Mouse
ENSMUSG00000038203	Hoxa13	Mouse
ENSMUSG00000002111	Spi1	Mouse
ENSMUSG00000046897	Zfp740	Mouse
ENSMUSG00000019982	Myb	Mouse
ENSMUSG00000041515	Irf8	Mouse
ENSMUSG00000038648	Creb3l2	Mouse
ENSMUSG00000002393	Nr2f6	Mouse
ENSMUSG00000030189	Ybx3	Mouse
ENSMUSG00000070691	Runx3	Mouse
ENSMUSG00000001657	Hoxc8	Mouse
ENSMUSG00000052534	Pbx1	Mouse
ENSMUSG00000068154	Insm1	Mouse
ENSMUSG00000042499	Hoxd11	Mouse
ENSMUSG00000035011	Zbtb7a	Mouse
ENSMUSG00000038351	Sgsm2	Mouse
ENSMUSG00000060397	Zfp128	Mouse
ENSMUSG00000058028	Zscan5b	Mouse
ENSMUSG00000012350	Ehf	Mouse
ENSMUSG00000062175	Tgif2	Mouse
ENSMUSG00000035033	Tbr1	Mouse
ENSMUSG00000000317	Bcl6b	Mouse
ENSMUSG00000052056	Zfp217	Mouse
ENSMUSG00000070866	Zfp804a	Mouse
ENSMUSG00000038721	Hoxb7	Mouse
ENSMUSG00000068267	Cenpb	Mouse
ENSMUSG00000009248	Ascl2	Mouse
ENSMUSG00000009471	Myod1	Mouse
ENSMUSG00000043602	Zfp3	Mouse
ENSMUSG00000006642	Tcf23	Mouse
ENSMUSG00000000094	Tbx4	Mouse
ENSMUSG00000038615	Nfe2l1	Mouse
ENSMUSG00000027104	Atf2	Mouse
ENSMUSG00000049604	Hoxb13	Mouse
ENSMUSG00000055150	Zfp78	Mouse
ENSMUSG00000026638	Irf6	Mouse
ENSMUSG00000035041	Creb3l3	Mouse
ENSMUSG00000018973	Hoxb1	Mouse
ENSMUSG00000041309	Nkx6-2	Mouse
ENSMUSG00000026872	Zeb2	Mouse
ENSMUSG00000073427	Gm4924	Mouse
ENSMUSG00000037007	Zfp113	Mouse
ENSMUSG00000000247	Lhx2	Mouse
ENSMUSG00000056501	Cebpb	Mouse
ENSMUSG00000027551	Zfp64	Mouse
ENSMUSG00000049657	Zbtb5	Mouse
ENSMUSG00000046792	Zfp787	Mouse
ENSMUSG00000027544	Nfatc2	Mouse
ENSMUSG00000039476	Prrx2	Mouse
ENSMUSG00000026932	Nacc2	Mouse
ENSMUSG00000046541	Zfp526	Mouse
ENSMUSG00000046179	E2f8	Mouse
ENSMUSG00000034173	Zbed5	Mouse
ENSMUSG00000034701	Neurod1	Mouse
ENSMUSG00000030393	Zik1	Mouse
ENSMUSG00000034957	Cebpa	Mouse
ENSMUSG00000039967	Zfp292	Mouse
ENSMUSG00000008496	Pou2f2	Mouse
ENSMUSG00000045515	Pou3f3	Mouse
ENSMUSG00000007946	Phox2a	Mouse
ENSMUSG00000048377	Foxi2	Mouse
ENSMUSG00000051251	Nhlh1	Mouse
ENSMUSG00000038700	Hoxb5	Mouse
ENSMUSG00000029705	Cux1	Mouse
ENSMUSG00000027168	Pax6	Mouse
ENSMUSG00000001510	Dlx3	Mouse
ENSMUSG00000049755	Zfp672	Mouse
ENSMUSG00000057895	Zfp105	Mouse
ENSMUSG00000057173	Rfx8	Mouse
ENSMUSG00000030507	Dbx1	Mouse
ENSMUSG00000017299	Dnttip1	Mouse
ENSMUSG00000021217	Tshz3	Mouse
ENSMUSG00000059625	Sohlh1	Mouse
ENSMUSG00000054893	Zfp667	Mouse
ENSMUSG00000006307	Kmt2b	Mouse
ENSMUSG00000020232	Hmg20b	Mouse
ENSMUSG00000026751	Nr5a1	Mouse
ENSMUSG00000027102	Hoxd8	Mouse
ENSMUSG00000025498	Irf7	Mouse
ENSMUSG00000029729	Zkscan1	Mouse
ENSMUSG00000040610	Tlx3	Mouse
ENSMUSG00000042821	Snai1	Mouse
ENSMUSG00000056493	Foxk1	Mouse
ENSMUSG00000029546	Uncx	Mouse
ENSMUSG00000015843	Rxrg	Mouse
ENSMUSG00000041483	Zfp281	Mouse
ENSMUSG00000068966	Zbtb34	Mouse
ENSMUSG00000017667	Zfp334	Mouse
ENSMUSG00000040857	Erf	Mouse
ENSMUSG00000020167	Tcf3	Mouse
ENSMUSG00000019230	Lhx9	Mouse
ENSMUSG00000049421	Zfp260	Mouse
ENSMUSG00000028341	Nr4a3	Mouse
ENSMUSG00000005917	Otx1	Mouse
ENSMUSG00000038765	Lmx1b	Mouse
ENSMUSG00000042726	Trafd1	Mouse
ENSMUSG00000040596	Pogk	Mouse
ENSMUSG00000017950	Hnf4a	Mouse
ENSMUSG00000038630	Zkscan16	Mouse
ENSMUSG00000044876	Zfp444	Mouse
ENSMUSG00000015839	Nfe2l2	Mouse
ENSMUSG00000066224	Arid3c	Mouse
ENSMUSG00000026873	Phf19	Mouse
ENSMUSG00000100512	Ovol3	Mouse
ENSMUSG00000050368	Hoxd10	Mouse
ENSMUSG00000044770	Scml4	Mouse
ENSMUSG00000043342	Hoxd9	Mouse
ENSMUSG00000028329	Xpa	Mouse
ENSMUSG00000001823	Hoxd12	Mouse
ENSMUSG00000026135	Zfp142	Mouse
ENSMUSG00000027016	Zfp385b	Mouse
ENSMUSG00000059552	Trp53	Mouse
ENSMUSG00000030505	Prmt3	Mouse
ENSMUSG00000079056	Kcnip3	Mouse
ENSMUSG00000074862	BC025920	Mouse
ENSMUSG00000030386	Zfp606	Mouse
ENSMUSG00000003032	Klf4	Mouse
ENSMUSG00000018698	Lhx1	Mouse
ENSMUSG00000027210	Meis2	Mouse
ENSMUSG00000010505	Myt1	Mouse
ENSMUSG00000066798	Zbtb6	Mouse
ENSMUSG00000026788	Zbtb43	Mouse
ENSMUSG00000018377	Vezf1	Mouse
ENSMUSG00000005373	Mlxipl	Mouse
ENSMUSG00000000093	Tbx2	Mouse
ENSMUSG00000043456	Zfp536	Mouse
ENSMUSG00000061589	Dot1l	Mouse
ENSMUSG00000040270	Bach2	Mouse
ENSMUSG00000017861	Mybl2	Mouse
ENSMUSG00000042448	Hoxd1	Mouse
ENSMUSG00000079277	Hoxd3	Mouse
ENSMUSG00000044452	Zfp507	Mouse
ENSMUSG00000000282	Mnt	Mouse
ENSMUSG00000075595	Zfp652	Mouse
ENSMUSG00000039693	Msantd3	Mouse
ENSMUSG00000033740	St18	Mouse
ENSMUSG00000043099	Hic1	Mouse
ENSMUSG00000035478	Mbd3	Mouse
ENSMUSG00000058638	Zfp110	Mouse
ENSMUSG00000005621	Zfp592	Mouse
ENSMUSG00000047036	Zfp445	Mouse
ENSMUSG00000018750	Zbtb4	Mouse
ENSMUSG00000109398	Gm3854	Mouse
ENSMUSG00000040712	Camta2	Mouse
ENSMUSG00000018143	Mafk	Mouse
ENSMUSG00000001444	Tbx21	Mouse
ENSMUSG00000014030	Pax5	Mouse
ENSMUSG00000036281	Snapc4	Mouse
ENSMUSG00000101174	Hoxd4	Mouse
ENSMUSG00000100642	Gm28230	Mouse
ENSMUSG00000020160	Meis1	Mouse
ENSMUSG00000040167	Ikzf5	Mouse
ENSMUSG00000061311	Rag1	Mouse
ENSMUSG00000010476	Ebf3	Mouse
ENSMUSG00000006311	Etv2	Mouse
ENSMUSG00000050714	Zbtb26	Mouse
ENSMUSG00000118665	Lin54	Mouse
ENSMUSG00000030380	Mzf1	Mouse
ENSMUSG00000035877	Zhx3	Mouse
ENSMUSG00000056648	Hoxb8	Mouse
ENSMUSG00000001815	Evx2	Mouse
ENSMUSG00000055197	Fev	Mouse
ENSMUSG00000049600	Zbtb45	Mouse
ENSMUSG00000075040	Zfp408	Mouse
ENSMUSG00000054160	Nkx2-4	Mouse
ENSMUSG00000017007	Rbpjl	Mouse
ENSMUSG00000040478	Prdm13	Mouse
ENSMUSG00000026565	Pou2f1	Mouse
ENSMUSG00000039634	Zfp189	Mouse
ENSMUSG00000037335	Hand1	Mouse
ENSMUSG00000020248	Nfyb	Mouse
ENSMUSG00000051910	Sox6	Mouse
ENSMUSG00000046658	Zfp316	Mouse
ENSMUSG00000041287	Sox15	Mouse
ENSMUSG00000047907	Tshz2	Mouse
ENSMUSG00000037243	Zfp692	Mouse
ENSMUSG00000015942	Gtf2ird2	Mouse
ENSMUSG00000053552	Ebf4	Mouse
ENSMUSG00000061809	Tbpl2	Mouse
ENSMUSG00000062861	Zfp28	Mouse
ENSMUSG00000029587	Zfp12	Mouse
ENSMUSG00000048528	Nkx1-2	Mouse
ENSMUSG00000094483	Purb	Mouse
ENSMUSG00000038718	Pbx3	Mouse
ENSMUSG00000040148	Hmx3	Mouse
ENSMUSG00000026890	Lhx6	Mouse
ENSMUSG00000000690	Hoxb6	Mouse
ENSMUSG00000026199	Ankzf1	Mouse
ENSMUSG00000003282	Plag1	Mouse
ENSMUSG00000029127	Zbtb49	Mouse
ENSMUSG00000026826	Nr4a2	Mouse
ENSMUSG00000026663	Atf6	Mouse
ENSMUSG00000038692	Hoxb4	Mouse
ENSMUSG00000000567	Sox9	Mouse
ENSMUSG00000097918	Ascl5	Mouse
ENSMUSG00000074622	Mafb	Mouse
ENSMUSG00000041420	Meis3	Mouse
ENSMUSG00000023079	Gtf2ird1	Mouse
ENSMUSG00000026279	Thap4	Mouse
ENSMUSG00000040481	Bptf	Mouse
ENSMUSG00000011349	Dmrtc2	Mouse
ENSMUSG00000053985	Zfp14	Mouse
ENSMUSG00000026641	Usf1	Mouse
ENSMUSG00000038909	Kat7	Mouse
ENSMUSG00000058447	Gm26920	Mouse
ENSMUSG00000078768	Zfp566	Mouse
ENSMUSG00000005442	Cic	Mouse
ENSMUSG00000059824	Dbp	Mouse
ENSMUSG00000034800	Zfp661	Mouse
ENSMUSG00000020453	Patz1	Mouse
ENSMUSG00000003051	Elf3	Mouse
ENSMUSG00000042589	Cux2	Mouse
ENSMUSG00000070643	Sox13	Mouse
ENSMUSG00000018678	Sp2	Mouse
ENSMUSG00000027547	Sall4	Mouse
ENSMUSG00000026398	Nr5a2	Mouse
ENSMUSG00000098022	Zfp82	Mouse
ENSMUSG00000033964	Zbtb41	Mouse
ENSMUSG00000037034	Pax1	Mouse
ENSMUSG00000055053	Nfic	Mouse
ENSMUSG00000074220	Zfp382	Mouse
ENSMUSG00000070822	Zscan18	Mouse
ENSMUSG00000035576	L3mbtl1	Mouse
ENSMUSG00000095139	Pou3f2	Mouse
ENSMUSG00000020875	Hoxb9	Mouse
ENSMUSG00000006310	Zbtb32	Mouse
ENSMUSG00000041124	Msantd4	Mouse
ENSMUSG00000028417	Tal2	Mouse
ENSMUSG00000037025	Foxa2	Mouse
ENSMUSG00000040310	Alx4	Mouse
ENSMUSG00000079083	Jrkl	Mouse
ENSMUSG00000035397	Klf16	Mouse
ENSMUSG00000029135	Fosl2	Mouse
ENSMUSG00000028466	Creb3	Mouse
ENSMUSG00000027434	Nkx2-2	Mouse
ENSMUSG00000027678	Ncoa3	Mouse
ENSMUSG00000060314	Zfp941	Mouse
ENSMUSG00000001819	Hoxd13	Mouse
ENSMUSG00000027439	Gzf1	Mouse
ENSMUSG00000036822	Topors	Mouse
ENSMUSG00000045302	Preb	Mouse
ENSMUSG00000030757	Zkscan2	Mouse
ENSMUSG00000070990	Foxe1	Mouse
ENSMUSG00000027230	Creb3l1	Mouse
ENSMUSG00000025997	Ikzf2	Mouse
ENSMUSG00000027186	Elf5	Mouse
ENSMUSG00000018554	Ybx2	Mouse
ENSMUSG00000016458	Wt1	Mouse
ENSMUSG00000020679	Hnf1b	Mouse
ENSMUSG00000020871	Dlx4	Mouse
ENSMUSG00000020484	Xbp1	Mouse
ENSMUSG00000004500	Zfp324	Mouse
ENSMUSG00000005677	Nr1i3	Mouse
ENSMUSG00000043059	Zfp513	Mouse
ENSMUSG00000051034	Zfp11	Mouse
ENSMUSG00000060206	Zfp462	Mouse
ENSMUSG00000037029	Zfp146	Mouse
ENSMUSG00000040321	Zfp770	Mouse
ENSMUSG00000075588	Hoxb2	Mouse
ENSMUSG00000030443	Zfp583	Mouse
ENSMUSG00000033961	Zfp446	Mouse
ENSMUSG00000048763	Hoxb3	Mouse
ENSMUSG00000026077	Npas2	Mouse
ENSMUSG00000050100	Hmx2	Mouse
ENSMUSG00000063972	Nr6a1	Mouse
ENSMUSG00000070495	Ctcfl	Mouse
ENSMUSG00000012520	Phox2b	Mouse
ENSMUSG00000026934	Lhx3	Mouse
ENSMUSG00000019564	Arid3a	Mouse
ENSMUSG00000079466	Prdm12	Mouse
ENSMUSG00000061898	Rbak	Mouse
ENSMUSG00000028640	Tfap2c	Mouse
ENSMUSG00000057894	Zfp329	Mouse
ENSMUSG00000018654	Ikzf1	Mouse
ENSMUSG00000051149	Adnp	Mouse
ENSMUSG00000070345	Hsf5	Mouse
ENSMUSG00000025902	Sox17	Mouse
ENSMUSG00000026686	Lmx1a	Mouse
ENSMUSG00000026987	Baz2b	Mouse
ENSMUSG00000056216	Cebpg	Mouse
ENSMUSG00000093910	Zfp853	Mouse
ENSMUSG00000034071	Zfp551	Mouse
ENSMUSG00000037017	Zscan21	Mouse
ENSMUSG00000074997	Pin1rt1	Mouse
ENSMUSG00000002265	Peg3	Mouse
ENSMUSG00000026976	Pax8	Mouse
ENSMUSG00000062761	Zfp512	Mouse
ENSMUSG00000039164	Naif1	Mouse
ENSMUSG00000058886	Deaf1	Mouse
ENSMUSG00000020473	Aebp1	Mouse
ENSMUSG00000025586	Cpeb1	Mouse
ENSMUSG00000045518	Onecut3	Mouse
ENSMUSG00000003949	Hlf	Mouse
ENSMUSG00000033080	Vsx1	Mouse
ENSMUSG00000028423	Nfx1	Mouse
ENSMUSG00000020857	Nme2	Mouse
ENSMUSG00000039834	Zfp335	Mouse
ENSMUSG00000000731	Aire	Mouse
ENSMUSG00000054715	Zscan22	Mouse
ENSMUSG00000063488	Zkscan7	Mouse
ENSMUSG00000045252	Zfp574	Mouse
ENSMUSG00000027387	Zc3h8	Mouse
ENSMUSG00000026273	Mterf4	Mouse
ENSMUSG00000060261	Gtf2i	Mouse
ENSMUSG00000038560	Sp6	Mouse
ENSMUSG00000037279	Ovol2	Mouse
ENSMUSG00000058318	Phf21a	Mouse
ENSMUSG00000058239	Usf2	Mouse
ENSMUSG00000025470	Zfp511	Mouse
