Method	IntegrationMethod	Type	Mean	SD	Integration
All features	cellcharter	Alignment	0.8072501610178896	0.1645672681090395	Cell
Charter
All features	cellcharter	Clustering	0.7198119363059188	0.07021488369488027	Cell
Charter
All features	cellcharter	Integration	0.5811156823731304	0.33129138929248075	Cell
Charter
All features	cellcharter	Overall	0.7662483589022213	0.0817489639152934	Cell
Charter
All features	gpsa	Alignment	0.5223094241305851	0.09120702819561777	GPSA
All features	gpsa	Clustering	0.015104309882345648	0.014520938243313268	GPSA
All features	gpsa	Integration	0.6592505227938747	0.2159215473026878	GPSA
All features	gpsa	Overall	0.35871465536641167	0.04380303024458567	GPSA
All features	scvi	Alignment	0.43452067197257127	0.3001933972141646	scVI
All features	scvi	Clustering	0.583304527089713	0.10619456947220757	scVI
All features	scvi	Integration	0.401622126999	0.13309333578993268	scVI
All features	scvi	Overall	0.47882467944081414	0.13221120984611912	scVI
All features	staligner	Alignment	0.7426794294260723	0.19540597766074408	STAligner
All features	staligner	Clustering	0.6221686488097292	0.07310836199531436	STAligner
All features	staligner	Integration	0.5361444247251813	0.17866512061314288	STAligner
All features	staligner	Overall	0.6502087297181587	0.11861361275491004	STAligner
Anticor	cellcharter	Alignment	0.8028931712762999	0.16495518774861265	Cell
Charter
Anticor	cellcharter	Clustering	0.7077694056492806	0.07390306409240777	Cell
Charter
Anticor	cellcharter	Integration	0.5987258825950903	0.32677718031041486	Cell
Charter
Anticor	cellcharter	Overall	0.7630609003382914	0.08216723831653713	Cell
Charter
Anticor	gpsa	Alignment	0.5227826721833155	0.09144214238166484	GPSA
Anticor	gpsa	Clustering	0.01357321006339633	0.014749195569122932	GPSA
Anticor	gpsa	Integration	0.6595567954937237	0.21648642916838542	GPSA
Anticor	gpsa	Overall	0.3583023998195793	0.043471215817501865	GPSA
Anticor	scvi	Alignment	0.7092341145671828	0.17847240378906917	scVI
Anticor	scvi	Clustering	0.5738217252367628	0.11397487861824815	scVI
Anticor	scvi	Integration	0.5528321074549651	0.11169172880585206	scVI
Anticor	scvi	Overall	0.6284447450534583	0.0951929589559955	scVI
Anticor	staligner	Alignment	0.7165152623828929	0.239661210462514	STAligner
Anticor	staligner	Clustering	0.5959775608596731	0.07799832217804469	STAligner
Anticor	staligner	Integration	0.5456372620104029	0.2066440718610503	STAligner
Anticor	staligner	Overall	0.6428050160340142	0.10854071340347096	STAligner
Brennecke	cellcharter	Alignment	0.8701144756605593	0.1202222766246321	Cell
Charter
Brennecke	cellcharter	Clustering	0.650815733282971	0.12404150396549193	Cell
Charter
Brennecke	cellcharter	Integration	0.6317312685460529	0.20859782256803566	Cell
Charter
Brennecke	cellcharter	Overall	0.7914601312640874	0.07234836251572604	Cell
Charter
Brennecke	gpsa	Alignment	0.6445000282125248	0.13211164811913673	GPSA
Brennecke	gpsa	Clustering	0.12271305507827135	0.224017458087645	GPSA
Brennecke	gpsa	Integration	0.7806988183097219	0.212530425198547	GPSA
Brennecke	gpsa	Overall	0.48584109584214336	0.1565415137005103	GPSA
Brennecke	scvi	Alignment	0.8161055761080334	0.12882363795330698	scVI
Brennecke	scvi	Clustering	0.39121732521196734	0.1594909189015026	scVI
Brennecke	scvi	Integration	0.6725423441330265	0.12210318255966407	scVI
Brennecke	scvi	Overall	0.6405747010427333	0.04154073444452241	scVI
Brennecke	staligner	Alignment	0.8188433866229274	0.17536744077782873	STAligner
Brennecke	staligner	Clustering	0.5664844795358485	0.1605078083324339	STAligner
Brennecke	staligner	Integration	0.5586818524672532	0.15261518154540327	STAligner
Brennecke	staligner	Overall	0.6449674690224559	0.06953626112225371	STAligner
DUBStepR	cellcharter	Alignment	0.8395046595047297	0.11053427288404973	Cell
Charter
DUBStepR	cellcharter	Clustering	0.7531290283802244	0.059094971022814496	Cell
Charter
DUBStepR	cellcharter	Integration	0.7627599483915318	0.0560372399088152	Cell
Charter
DUBStepR	cellcharter	Overall	0.7851312120921621	0.06560671412893626	Cell
Charter
DUBStepR	gpsa	Alignment	0.5225855061511793	0.09149944314650216	GPSA
DUBStepR	gpsa	Clustering	0.006826333887553567	0.0072211693866033886	GPSA
DUBStepR	gpsa	Integration	0.5461345934243029	0.06239557071326393	GPSA
DUBStepR	gpsa	Overall	0.3585154778210119	0.043654772405902716	GPSA
DUBStepR	scvi	Alignment	0.6769775918749217	0.25117467698931606	scVI
DUBStepR	scvi	Clustering	0.625022883036833	0.05670777575826217	scVI
DUBStepR	scvi	Integration	0.5350603263701961	0.1632263000612487	scVI
DUBStepR	scvi	Overall	0.6123536004273169	0.14472454737263726	scVI
DUBStepR	staligner	Alignment	0.7205702859234626	0.23982189943961973	STAligner
DUBStepR	staligner	Clustering	0.5805650831229404	0.10295361032789882	STAligner
DUBStepR	staligner	Integration	0.6360928998492223	0.10764579848039463	STAligner
DUBStepR	staligner	Overall	0.6457427562985418	0.11961716180787065	STAligner
Hotspot	cellcharter	Alignment	0.8061981023848771	0.18387179194961628	Cell
Charter
Hotspot	cellcharter	Clustering	0.745977167802957	0.05391720579388377	Cell
Charter
Hotspot	cellcharter	Integration	0.5819840779817543	0.3605206953940159	Cell
Charter
Hotspot	cellcharter	Overall	0.7788425598155733	0.07490261614848723	Cell
Charter
Hotspot	gpsa	Alignment	0.5230754918432142	0.09131853498965287	GPSA
Hotspot	gpsa	Clustering	0.016074711899960764	0.01354107611421252	GPSA
Hotspot	gpsa	Integration	0.6599534252993535	0.21605990086690127	GPSA
Hotspot	gpsa	Overall	0.3599202790627243	0.04197789183147923	GPSA
Hotspot	scvi	Alignment	0.7325526250938618	0.190142841472701	scVI
Hotspot	scvi	Clustering	0.6064381444598289	0.12153337876817738	scVI
Hotspot	scvi	Integration	0.6051018824039521	0.12325308372855139	scVI
Hotspot	scvi	Overall	0.6751789800210429	0.10724551540311276	scVI
Hotspot	staligner	Alignment	0.7564104702595167	0.22096304676666764	STAligner
Hotspot	staligner	Clustering	0.6248042579199098	0.08497604538200627	STAligner
Hotspot	staligner	Integration	0.5736500600493677	0.22778468146434802	STAligner
Hotspot	staligner	Overall	0.683856416816957	0.11306047513278551	STAligner
NBumi	cellcharter	Alignment	0.8121793847274403	0.17088987524096763	Cell
Charter
NBumi	cellcharter	Clustering	0.6889050909954683	0.14707163354293143	Cell
Charter
NBumi	cellcharter	Integration	0.5758834485208071	0.34438920104937787	Cell
Charter
NBumi	cellcharter	Overall	0.7511620467949552	0.13727537826724645	Cell
Charter
NBumi	gpsa	Alignment	0.5276350880201275	0.10397435178568837	GPSA
NBumi	gpsa	Clustering	0.015763586110392715	0.015261392723349212	GPSA
NBumi	gpsa	Integration	0.6594998261199619	0.21657340233492875	GPSA
NBumi	gpsa	Overall	0.3606994115565501	0.047283495904274164	GPSA
NBumi	scvi	Alignment	0.7845227190506008	0.2058569081832974	scVI
NBumi	scvi	Clustering	0.5425981147317737	0.20585214675897215	scVI
NBumi	scvi	Integration	0.6407243133704086	0.12088160933960385	scVI
NBumi	scvi	Overall	0.6806064325764725	0.14356624506099167	scVI
NBumi	staligner	Alignment	0.7516823297615113	0.2235944799418302	STAligner
NBumi	staligner	Clustering	0.5882625019926506	0.11756950764417608	STAligner
NBumi	staligner	Integration	0.5354331327381349	0.23592375323918433	STAligner
NBumi	staligner	Overall	0.646059169390105	0.16513322286512291	STAligner
OSCA	cellcharter	Alignment	0.8019748925884742	0.19942867912013287	Cell
Charter
OSCA	cellcharter	Clustering	0.7185260770952776	0.059589127221932804	Cell
Charter
OSCA	cellcharter	Integration	0.6045252822962687	0.3289848847613663	Cell
Charter
OSCA	cellcharter	Overall	0.7698225212197216	0.08160458005210575	Cell
Charter
OSCA	gpsa	Alignment	0.5371490543133747	0.0984075657643948	GPSA
OSCA	gpsa	Clustering	0.03206364764551089	0.021949960788768107	GPSA
OSCA	gpsa	Integration	0.6619744449736789	0.2147076651175296	GPSA
OSCA	gpsa	Overall	0.37235064107815813	0.047450165247429614	GPSA
OSCA	scvi	Alignment	0.7465589867366461	0.19618411790614176	scVI
OSCA	scvi	Clustering	0.5977203981403248	0.14208038254593094	scVI
OSCA	scvi	Integration	0.6095979459910823	0.10411643289326733	scVI
OSCA	scvi	Overall	0.6757881010008739	0.10939839820376066	scVI
OSCA	staligner	Alignment	0.7666143636570426	0.22575670855203098	STAligner
OSCA	staligner	Clustering	0.6274895373737616	0.09751756456167313	STAligner
OSCA	staligner	Integration	0.5816301928683884	0.22797905920207384	STAligner
OSCA	staligner	Overall	0.6854062783793853	0.1061689171575471	STAligner
Random	cellcharter	Alignment	0.7855100087488622	0.155776806342108	Cell
Charter
Random	cellcharter	Clustering	0.5293250793206989	0.16833457192043993	Cell
Charter
Random	cellcharter	Integration	0.6952511821525622	0.08444835576320724	Cell
Charter
Random	cellcharter	Overall	0.6979297454372515	0.12027980042842755	Cell
Charter
Random	gpsa	Alignment	0.5221294286001466	0.09113143957862654	GPSA
Random	gpsa	Clustering	0.016401640726681814	0.01429150692070118	GPSA
Random	gpsa	Integration	0.6596506216977708	0.21640740291584554	GPSA
Random	gpsa	Overall	0.3592984826320036	0.043718878402475195	GPSA
Random	scvi	Alignment	0.7055696552454902	0.16357095366977037	scVI
Random	scvi	Clustering	0.2903496306335229	0.1597877416289783	scVI
Random	scvi	Integration	0.5619139589485603	0.19437863905265074	scVI
Random	scvi	Overall	0.5107887298417758	0.10386018348271057	scVI
Random	staligner	Alignment	0.7035860881590261	0.14082171597299878	STAligner
Random	staligner	Clustering	0.40471287803229367	0.1352035083352988	STAligner
Random	staligner	Integration	0.5431606986533288	0.1307092421020369	STAligner
Random	staligner	Overall	0.5369830374110246	0.09399186316263397	STAligner
Seurat-Dispersion	cellcharter	Alignment	0.824207790338289	0.1335656637853489	Cell
Charter
Seurat-Dispersion	cellcharter	Clustering	0.7045660669263836	0.09347171343838218	Cell
Charter
Seurat-Dispersion	cellcharter	Integration	0.7653474734599038	0.06746348840232408	Cell
Charter
Seurat-Dispersion	cellcharter	Overall	0.7647071102415255	0.09279894857657733	Cell
Charter
Seurat-Dispersion	gpsa	Alignment	0.5652424354757644	0.11033097290658701	GPSA
Seurat-Dispersion	gpsa	Clustering	0.09524194438508476	0.2017924889908661	GPSA
Seurat-Dispersion	gpsa	Integration	0.5727786840906921	0.09346984478768502	GPSA
Seurat-Dispersion	gpsa	Overall	0.4110876879838471	0.12114974211562642	GPSA
Seurat-Dispersion	scvi	Alignment	0.7562422216344424	0.1458356938246691	scVI
Seurat-Dispersion	scvi	Clustering	0.5979781514138203	0.08214625602425735	scVI
Seurat-Dispersion	scvi	Integration	0.5610992105519456	0.14711242028915084	scVI
Seurat-Dispersion	scvi	Overall	0.6384398612000695	0.092414421842228	scVI
Seurat-Dispersion	staligner	Alignment	0.7686189115596886	0.1505529749681771	STAligner
Seurat-Dispersion	staligner	Clustering	0.5368312873446266	0.0826448482794293	STAligner
Seurat-Dispersion	staligner	Integration	0.6297980192174395	0.14745656625643241	STAligner
Seurat-Dispersion	staligner	Overall	0.6450827393739182	0.09446837070210962	STAligner
Seurat-MVP	cellcharter	Alignment	0.8069698028443963	0.14632645370652367	Cell
Charter
Seurat-MVP	cellcharter	Clustering	0.7036939275407692	0.05970592726954745	Cell
Charter
Seurat-MVP	cellcharter	Integration	0.7765798752373193	0.04288488530043314	Cell
Charter
Seurat-MVP	cellcharter	Overall	0.7624145352074949	0.07468632139174228	Cell
Charter
Seurat-MVP	gpsa	Alignment	0.5223310254433554	0.09160268009080977	GPSA
Seurat-MVP	gpsa	Clustering	0.006769761236630394	0.004919635427257933	GPSA
Seurat-MVP	gpsa	Integration	0.5461667606837294	0.06236901872533467	GPSA
Seurat-MVP	gpsa	Overall	0.35842251578790507	0.043401969137890045	GPSA
Seurat-MVP	scvi	Alignment	0.8051863880652872	0.15528208407857924	scVI
Seurat-MVP	scvi	Clustering	0.6406532876846714	0.1257639263601249	scVI
Seurat-MVP	scvi	Integration	0.6548045087231942	0.11221145767437615	scVI
Seurat-MVP	scvi	Overall	0.7002147281577176	0.10828480726677923	scVI
Seurat-MVP	staligner	Alignment	0.7467062522603098	0.21286177677484078	STAligner
Seurat-MVP	staligner	Clustering	0.5871921073716188	0.06159587391369013	STAligner
Seurat-MVP	staligner	Integration	0.681566885074694	0.14747077299393652	STAligner
Seurat-MVP	staligner	Overall	0.6718217482355409	0.11314767009527699	STAligner
Seurat-VST	cellcharter	Alignment	0.8165175789637675	0.1773286265399412	Cell
Charter
Seurat-VST	cellcharter	Clustering	0.7258586168201208	0.05573356203067823	Cell
Charter
Seurat-VST	cellcharter	Integration	0.7829535233290899	0.04972224105348611	Cell
Charter
Seurat-VST	cellcharter	Overall	0.7751099063709928	0.08545531331428718	Cell
Charter
Seurat-VST	gpsa	Alignment	0.5646657919298401	0.11167174671498929	GPSA
Seurat-VST	gpsa	Clustering	0.09597207331257522	0.21249250817807008	GPSA
Seurat-VST	gpsa	Integration	0.5758752965144716	0.09992176801682033	GPSA
Seurat-VST	gpsa	Overall	0.4121710539189623	0.12810299024519878	GPSA
Seurat-VST	scvi	Alignment	0.7937143366934744	0.1783101495980253	scVI
Seurat-VST	scvi	Clustering	0.6395652089436638	0.13052339631723475	scVI
Seurat-VST	scvi	Integration	0.6828056238735455	0.08222653992871326	scVI
Seurat-VST	scvi	Overall	0.7053617231702278	0.10771612385919917	scVI
Seurat-VST	staligner	Alignment	0.7733371897039389	0.19772616959598352	STAligner
Seurat-VST	staligner	Clustering	0.5821392666190426	0.07009235820917221	STAligner
Seurat-VST	staligner	Integration	0.681740562600918	0.14226152344741202	STAligner
Seurat-VST	staligner	Overall	0.6790723396412999	0.10051934222915536	STAligner
Seurat-scTransform	cellcharter	Alignment	0.8175579165070457	0.16090620223996732	Cell
Charter
Seurat-scTransform	cellcharter	Clustering	0.5694315976603925	0.25010224790189195	Cell
Charter
Seurat-scTransform	cellcharter	Integration	0.6963460986208178	0.17419744432638434	Cell
Charter
Seurat-scTransform	cellcharter	Overall	0.7637966544331014	0.0876046085578914	Cell
Charter
Seurat-scTransform	gpsa	Alignment	0.5288647279548886	0.10574922768775433	GPSA
Seurat-scTransform	gpsa	Clustering	0.015031811716055776	0.015345323332520311	GPSA
Seurat-scTransform	gpsa	Integration	0.6588684956267119	0.21664244082189404	GPSA
Seurat-scTransform	gpsa	Overall	0.36059918782023986	0.047519765587719684	GPSA
Seurat-scTransform	scvi	Alignment	0.7921270185462933	0.16877673628043188	scVI
Seurat-scTransform	scvi	Clustering	0.5823737112823153	0.1558942560426679	scVI
Seurat-scTransform	scvi	Integration	0.6248106254670749	0.11089249166972674	scVI
Seurat-scTransform	scvi	Overall	0.697616091195431	0.100815445944194	scVI
Seurat-scTransform	staligner	Alignment	0.7647289300826055	0.213993650686383	STAligner
Seurat-scTransform	staligner	Clustering	0.5948390228093258	0.11374541939239217	STAligner
Seurat-scTransform	staligner	Integration	0.7140917754241948	0.15063379479638817	STAligner
Seurat-scTransform	staligner	Overall	0.6623959305439049	0.12606333688682714	STAligner
Statistic mean	cellcharter	Alignment	0.8192384327522245	0.15535318428708345	Cell
Charter
Statistic mean	cellcharter	Clustering	0.7117810433486368	0.06122137796176804	Cell
Charter
Statistic mean	cellcharter	Integration	0.5987948583821496	0.31578791844428533	Cell
Charter
Statistic mean	cellcharter	Overall	0.7717308354757725	0.07071917593230792	Cell
Charter
Statistic mean	gpsa	Alignment	0.5274592955575593	0.10404414495548867	GPSA
Statistic mean	gpsa	Clustering	0.015820901533517825	0.014698612304022791	GPSA
Statistic mean	gpsa	Integration	0.6595817249049268	0.21655340587753996	GPSA
Statistic mean	gpsa	Overall	0.3606282121946436	0.047364401313285405	GPSA
Statistic mean	scvi	Alignment	0.6927649573922084	0.2019199214406387	scVI
Statistic mean	scvi	Clustering	0.531783929793178	0.1345278654474105	scVI
Statistic mean	scvi	Integration	0.5653996821105982	0.15373371013923395	scVI
Statistic mean	scvi	Overall	0.6015187022781039	0.1190348756757559	scVI
Statistic mean	staligner	Alignment	0.7132247873194275	0.26440799661984316	STAligner
Statistic mean	staligner	Clustering	0.5946092711027308	0.06927347516723548	STAligner
Statistic mean	staligner	Integration	0.5550542849994675	0.20707776018661261	STAligner
Statistic mean	staligner	Overall	0.6469134051553569	0.11896420015819391	STAligner
Statistic variance	cellcharter	Alignment	0.8210075163988287	0.14053387879302848	Cell
Charter
Statistic variance	cellcharter	Clustering	0.7095028696944219	0.0632687924557646	Cell
Charter
Statistic variance	cellcharter	Integration	0.6002679737939116	0.3201177929771796	Cell
Charter
Statistic variance	cellcharter	Overall	0.7742980678614677	0.06405438888574576	Cell
Charter
Statistic variance	gpsa	Alignment	0.5304992163257395	0.11062301188294028	GPSA
Statistic variance	gpsa	Clustering	0.01520750455692431	0.015153574401668419	GPSA
Statistic variance	gpsa	Integration	0.659116603256031	0.21653345378175362	GPSA
Statistic variance	gpsa	Overall	0.36119456829355595	0.04922913743545521	GPSA
Statistic variance	scvi	Alignment	0.6650807032198232	0.25878232156793607	scVI
Statistic variance	scvi	Clustering	0.5904756739566446	0.16652809755459327	scVI
Statistic variance	scvi	Integration	0.5760453050982954	0.15252632893227863	scVI
Statistic variance	scvi	Overall	0.6249270068441302	0.1268767548894224	scVI
Statistic variance	staligner	Alignment	0.7423547197444588	0.24637307881300582	STAligner
Statistic variance	staligner	Clustering	0.5856082934505262	0.09087053605918638	STAligner
Statistic variance	staligner	Integration	0.5750477802122667	0.21529878333443456	STAligner
Statistic variance	staligner	Overall	0.6658056324960488	0.11358012741565551	STAligner
Transcription factors	cellcharter	Alignment	0.7981907146499356	0.14506846205239465	Cell
Charter
Transcription factors	cellcharter	Clustering	0.6334425030633654	0.11270203145684202	Cell
Charter
Transcription factors	cellcharter	Integration	0.6355248290070308	0.20240477761725456	Cell
Charter
Transcription factors	cellcharter	Overall	0.7276645426334459	0.11260562141433537	Cell
Charter
Transcription factors	gpsa	Alignment	0.5223210157251703	0.09160865012097616	GPSA
Transcription factors	gpsa	Clustering	0.015463909845474912	0.01512166645174425	GPSA
Transcription factors	gpsa	Integration	0.659559151858578	0.21648125811301047	GPSA
Transcription factors	gpsa	Overall	0.35884909114203284	0.043523968018550296	GPSA
Transcription factors	scvi	Alignment	0.7534166542022188	0.17219284439638285	scVI
Transcription factors	scvi	Clustering	0.37842007739820743	0.15502343146924694	scVI
Transcription factors	scvi	Integration	0.5790439144271186	0.1475561701119378	scVI
Transcription factors	scvi	Overall	0.5670468138549576	0.12382501298754128	scVI
Transcription factors	staligner	Alignment	0.7130294514674451	0.18391621373025807	STAligner
Transcription factors	staligner	Clustering	0.4946432582813575	0.16641175220409854	STAligner
Transcription factors	staligner	Integration	0.5743496632861631	0.130309375918708	STAligner
Transcription factors	staligner	Overall	0.591419956148604	0.141033014049787	STAligner
Wilcoxon	cellcharter	Alignment	0.8199090866856908	0.14315743650535442	Cell
Charter
Wilcoxon	cellcharter	Clustering	0.6735006841972081	0.028784070281304596	Cell
Charter
Wilcoxon	cellcharter	Integration	0.8067040016045259	0.045578020155537025	Cell
Charter
Wilcoxon	cellcharter	Overall	0.7667045908291417	0.055028702749386205	Cell
Charter
Wilcoxon	gpsa	Alignment	0.49377606234829546	0.006037139976789904	GPSA
Wilcoxon	gpsa	Clustering	0.008988199647796808	0.005259985228499118	GPSA
Wilcoxon	gpsa	Integration	0.5271987057038933	0.06817976055295707	GPSA
Wilcoxon	gpsa	Overall	0.34332098923332854	0.022999126855718102	GPSA
Wilcoxon	scvi	Alignment	0.7938048896534446	0.1467046036037919	scVI
Wilcoxon	scvi	Clustering	0.6015391557282286	0.11062978254973461	scVI
Wilcoxon	scvi	Integration	0.5658376707736918	0.13531673594449353	scVI
Wilcoxon	scvi	Overall	0.6537272387184551	0.09512324730166315	scVI
Wilcoxon	staligner	Alignment	0.7194649751710204	0.20807413108645798	STAligner
Wilcoxon	staligner	Clustering	0.5361870502721825	0.08696562266593744	STAligner
Wilcoxon	staligner	Integration	0.6490798847322704	0.1314100780006107	STAligner
Wilcoxon	staligner	Overall	0.6349106367251578	0.10495282433840404	STAligner
scPNMF	cellcharter	Alignment	0.7978321868528181	0.17760393772221322	Cell
Charter
scPNMF	cellcharter	Clustering	0.7052856466695279	0.06519834300512171	Cell
Charter
scPNMF	cellcharter	Integration	0.606385217690506	0.33315354115253165	Cell
Charter
scPNMF	cellcharter	Overall	0.7672377373081675	0.07425324177487737	Cell
Charter
scPNMF	gpsa	Alignment	0.5281329416189469	0.10378810628404558	GPSA
scPNMF	gpsa	Clustering	0.01575183131112354	0.015417274535981395	GPSA
scPNMF	gpsa	Integration	0.6595603526313601	0.21645552761707532	GPSA
scPNMF	gpsa	Overall	0.3608297665930868	0.047093359040565747	GPSA
scPNMF	scvi	Alignment	0.7034017326423455	0.19193916785723023	scVI
scPNMF	scvi	Clustering	0.5565719769991995	0.1466639738341966	scVI
scPNMF	scvi	Integration	0.601011984392355	0.133899844905434	scVI
scPNMF	scvi	Overall	0.6368300014493327	0.10477146989972223	scVI
scPNMF	staligner	Alignment	0.7301262375921054	0.2458153451655303	STAligner
scPNMF	staligner	Clustering	0.6067845535847425	0.10346866972363224	STAligner
scPNMF	staligner	Integration	0.5597958555093796	0.21207096522834173	STAligner
scPNMF	staligner	Overall	0.6588190604256163	0.12425812849540124	STAligner
scSEGIndex	cellcharter	Alignment	0.7938767673894493	0.1654206683324516	Cell
Charter
scSEGIndex	cellcharter	Clustering	0.6792200920059506	0.08507910643351575	Cell
Charter
scSEGIndex	cellcharter	Integration	0.5974434881672913	0.2984398443797234	Cell
Charter
scSEGIndex	cellcharter	Overall	0.7484066395092048	0.08750106852771682	Cell
Charter
scSEGIndex	gpsa	Alignment	0.5287218187943323	0.10356823255249767	GPSA
scSEGIndex	gpsa	Clustering	0.035370862883300484	0.05921547879863785	GPSA
scSEGIndex	gpsa	Integration	0.6496352618071076	0.19811171337158195	GPSA
scSEGIndex	gpsa	Overall	0.36136009874874525	0.04606674881624989	GPSA
scSEGIndex	scvi	Alignment	0.5498007344030704	0.19795304126617	scVI
scSEGIndex	scvi	Clustering	0.5020508856818732	0.11053532003890519	scVI
scSEGIndex	scvi	Integration	0.4593071540284265	0.1907029808369509	scVI
scSEGIndex	scvi	Overall	0.49408734137699467	0.09913893357337071	scVI
scSEGIndex	staligner	Alignment	0.7019273281937213	0.21243915837020785	STAligner
scSEGIndex	staligner	Clustering	0.5333938729879626	0.10834923647839047	STAligner
scSEGIndex	staligner	Integration	0.5165383379187746	0.1846915104646963	STAligner
scSEGIndex	staligner	Overall	0.6042304011399787	0.11515272123490129	STAligner
scanpy-CellRanger	cellcharter	Alignment	0.7787801776444992	0.2088320942875456	Cell
Charter
scanpy-CellRanger	cellcharter	Clustering	0.7059582791496161	0.07634799227787471	Cell
Charter
scanpy-CellRanger	cellcharter	Integration	0.6085184575989637	0.3017938679021578	Cell
Charter
scanpy-CellRanger	cellcharter	Overall	0.7511705331564511	0.10225100513402054	Cell
Charter
scanpy-CellRanger	gpsa	Alignment	0.5297292935327738	0.10328887148152069	GPSA
scanpy-CellRanger	gpsa	Clustering	0.02079017397422017	0.015471132516350664	GPSA
scanpy-CellRanger	gpsa	Integration	0.66049553634931	0.2154620075286697	GPSA
scanpy-CellRanger	gpsa	Overall	0.3638864935310132	0.04420581495284893	GPSA
scanpy-CellRanger	scvi	Alignment	0.7657786423039278	0.22333281628330243	scVI
scanpy-CellRanger	scvi	Clustering	0.5310594959175122	0.19670583381071713	scVI
scanpy-CellRanger	scvi	Integration	0.6686989472279199	0.10264569153999613	scVI
scanpy-CellRanger	scvi	Overall	0.6809402034280392	0.14607740021103338	scVI
scanpy-CellRanger	staligner	Alignment	0.7305356055105217	0.28482805383021836	STAligner
scanpy-CellRanger	staligner	Clustering	0.6152116137761124	0.14729581749095116	STAligner
scanpy-CellRanger	staligner	Integration	0.5611653046948067	0.2431876532283899	STAligner
scanpy-CellRanger	staligner	Overall	0.6611219657996517	0.16084328801460346	STAligner
scanpy-CellRanger (batch)	cellcharter	Alignment	0.7771940672835911	0.20987457966744338	Cell
Charter
scanpy-CellRanger (batch)	cellcharter	Clustering	0.685742504487821	0.059042756869833575	Cell
Charter
scanpy-CellRanger (batch)	cellcharter	Integration	0.6170736380561411	0.3075650271960343	Cell
Charter
scanpy-CellRanger (batch)	cellcharter	Overall	0.7487059784044003	0.09306109889639567	Cell
Charter
scanpy-CellRanger (batch)	gpsa	Alignment	0.5339649963825591	0.08549010196121251	GPSA
scanpy-CellRanger (batch)	gpsa	Clustering	0.031983969319685265	0.04568559394808057	GPSA
scanpy-CellRanger (batch)	gpsa	Integration	0.664252586472253	0.21442580274210787	GPSA
scanpy-CellRanger (batch)	gpsa	Overall	0.37218384986373176	0.04835216116356408	GPSA
scanpy-CellRanger (batch)	scvi	Alignment	0.7780166050970365	0.19806410049973705	scVI
scanpy-CellRanger (batch)	scvi	Clustering	0.5375625365977362	0.18603046130575515	scVI
scanpy-CellRanger (batch)	scvi	Integration	0.6556620641677785	0.10401061063688712	scVI
scanpy-CellRanger (batch)	scvi	Overall	0.6838240915950878	0.13245347298767393	scVI
scanpy-CellRanger (batch)	staligner	Alignment	0.7313486138704907	0.2777024475623175	STAligner
scanpy-CellRanger (batch)	staligner	Clustering	0.6295985281940673	0.1528184437078983	STAligner
scanpy-CellRanger (batch)	staligner	Integration	0.5605393707910189	0.25150111104257555	STAligner
scanpy-CellRanger (batch)	staligner	Overall	0.6678060272438098	0.1634143500870308	STAligner
scanpy-Pearson	cellcharter	Alignment	0.6543541195365002	0.3678823567731041	Cell
Charter
scanpy-Pearson	cellcharter	Clustering	0.6395709589000053	0.1696513380212476	Cell
Charter
scanpy-Pearson	cellcharter	Integration	0.5416172166367799	0.3284838388789937	Cell
Charter
scanpy-Pearson	cellcharter	Overall	0.6599380048637847	0.2308041571673689	Cell
Charter
scanpy-Pearson	gpsa	Alignment	0.5242293865232087	0.09098455358958529	GPSA
scanpy-Pearson	gpsa	Clustering	0.017140095549026898	0.013612502849514643	GPSA
scanpy-Pearson	gpsa	Integration	0.6601049676037831	0.2158753136474328	GPSA
scanpy-Pearson	gpsa	Overall	0.36055902588665906	0.041707500378713215	GPSA
scanpy-Pearson	scvi	Alignment	0.5583179485156852	0.31633983981416525	scVI
scanpy-Pearson	scvi	Clustering	0.5104115265240913	0.17880580504795415	scVI
scanpy-Pearson	scvi	Integration	0.5081868511934987	0.2242923480086887	scVI
scanpy-Pearson	scvi	Overall	0.532328498931801	0.19195624169863693	scVI
scanpy-Pearson	staligner	Alignment	0.5896287989559141	0.34084673501059104	STAligner
scanpy-Pearson	staligner	Clustering	0.5644537819538814	0.10459389343330654	STAligner
scanpy-Pearson	staligner	Integration	0.46870448900991624	0.20344988870431313	STAligner
scanpy-Pearson	staligner	Overall	0.5543713062527871	0.1862330107386263	STAligner
scanpy-Pearson (batch)	cellcharter	Alignment	0.83509449672231	0.12293431545545323	Cell
Charter
scanpy-Pearson (batch)	cellcharter	Clustering	0.6609410352196714	0.1295793881545348	Cell
Charter
scanpy-Pearson (batch)	cellcharter	Integration	0.6055861145371243	0.2740140272932234	Cell
Charter
scanpy-Pearson (batch)	cellcharter	Overall	0.747980996348028	0.1125325424281841	Cell
Charter
scanpy-Pearson (batch)	gpsa	Alignment	0.522423062297988	0.09156586739134952	GPSA
scanpy-Pearson (batch)	gpsa	Clustering	0.015427170955151875	0.015227080991815306	GPSA
scanpy-Pearson (batch)	gpsa	Integration	0.6595449245348158	0.21655572721716304	GPSA
scanpy-Pearson (batch)	gpsa	Overall	0.3588464439071824	0.043570856028785944	GPSA
scanpy-Pearson (batch)	scvi	Alignment	0.7303114294209364	0.15242433440970252	scVI
scanpy-Pearson (batch)	scvi	Clustering	0.4636674407224722	0.19183832815036564	scVI
scanpy-Pearson (batch)	scvi	Integration	0.6113076485893537	0.08641330330135066	scVI
scanpy-Pearson (batch)	scvi	Overall	0.6127783304186379	0.10291582479453215	scVI
scanpy-Pearson (batch)	staligner	Alignment	0.7113631115158682	0.19486190271995063	STAligner
scanpy-Pearson (batch)	staligner	Clustering	0.5457934906482641	0.16084362820969894	STAligner
scanpy-Pearson (batch)	staligner	Integration	0.4891299688250399	0.20185311890011953	STAligner
scanpy-Pearson (batch)	staligner	Overall	0.5903642549656737	0.1477314059527854	STAligner
scanpy-Seurat	cellcharter	Alignment	0.8126350297651573	0.1415912596694035	Cell
Charter
scanpy-Seurat	cellcharter	Clustering	0.6665170369942198	0.09233547813750552	Cell
Charter
scanpy-Seurat	cellcharter	Integration	0.6696065994519862	0.19362369635351825	Cell
Charter
scanpy-Seurat	cellcharter	Overall	0.7638029614249173	0.06997066400111379	Cell
Charter
scanpy-Seurat	gpsa	Alignment	0.5226065108931426	0.09150196701376984	GPSA
scanpy-Seurat	gpsa	Clustering	0.015763095256928147	0.0147579634289887	GPSA
scanpy-Seurat	gpsa	Integration	0.6596596488959707	0.2163616272694296	GPSA
scanpy-Seurat	gpsa	Overall	0.35912296132760313	0.04323381947484473	GPSA
scanpy-Seurat	scvi	Alignment	0.7895331068431388	0.17469995347128445	scVI
scanpy-Seurat	scvi	Clustering	0.5336738451309434	0.2157073523442334	scVI
scanpy-Seurat	scvi	Integration	0.6878027594377102	0.09996787265322483	scVI
scanpy-Seurat	scvi	Overall	0.6926789609436881	0.11147150571800711	scVI
scanpy-Seurat	staligner	Alignment	0.748151503040432	0.20224231043347232	STAligner
scanpy-Seurat	staligner	Clustering	0.6088553996154953	0.06060046292379386	STAligner
scanpy-Seurat	staligner	Integration	0.5792280538238799	0.2087496661934517	STAligner
scanpy-Seurat	staligner	Overall	0.6681215833229088	0.1084719333259773	STAligner
scanpy-Seurat (batch)	cellcharter	Alignment	0.7982251119088489	0.1689768414793032	Cell
Charter
scanpy-Seurat (batch)	cellcharter	Clustering	0.6782606116455928	0.08408328539759147	Cell
Charter
scanpy-Seurat (batch)	cellcharter	Integration	0.67685377838833	0.19614586036115395	Cell
Charter
scanpy-Seurat (batch)	cellcharter	Overall	0.7626727920604796	0.08409309728598201	Cell
Charter
scanpy-Seurat (batch)	gpsa	Alignment	0.5226330296217602	0.09147393154001632	GPSA
scanpy-Seurat (batch)	gpsa	Clustering	0.014829610324509673	0.015298808622556248	GPSA
scanpy-Seurat (batch)	gpsa	Integration	0.6598671790228167	0.21621068132081267	GPSA
scanpy-Seurat (batch)	gpsa	Overall	0.3587634673420881	0.04336247871595551	GPSA
scanpy-Seurat (batch)	scvi	Alignment	0.7639165694627378	0.1706404550883428	scVI
scanpy-Seurat (batch)	scvi	Clustering	0.5335417866494507	0.1910872171515793	scVI
scanpy-Seurat (batch)	scvi	Integration	0.6611484041762468	0.0938432871111757	scVI
scanpy-Seurat (batch)	scvi	Overall	0.6730717029178522	0.07670898883684608	scVI
scanpy-Seurat (batch)	staligner	Alignment	0.7429086607182526	0.20314884434864922	STAligner
scanpy-Seurat (batch)	staligner	Clustering	0.5979621324420595	0.10328046707463752	STAligner
scanpy-Seurat (batch)	staligner	Integration	0.5833945205127252	0.1969889027553092	STAligner
scanpy-Seurat (batch)	staligner	Overall	0.6559395882765774	0.09890278543111007	STAligner
scanpy-SeuratV3	cellcharter	Alignment	0.8094999002251092	0.18753404798677514	Cell
Charter
scanpy-SeuratV3	cellcharter	Clustering	0.7211613724470889	0.06813635385983956	Cell
Charter
scanpy-SeuratV3	cellcharter	Integration	0.5917921325807807	0.3502155903091246	Cell
Charter
scanpy-SeuratV3	cellcharter	Overall	0.7703694839675015	0.09997436320098467	Cell
Charter
scanpy-SeuratV3	gpsa	Alignment	0.5647190626226634	0.11166183226490067	GPSA
scanpy-SeuratV3	gpsa	Clustering	0.08136665677799508	0.18160400054868672	GPSA
scanpy-SeuratV3	gpsa	Integration	0.6818689549103164	0.21360044218395643	GPSA
scanpy-SeuratV3	gpsa	Overall	0.4122196299534196	0.1280657628608584	GPSA
scanpy-SeuratV3	scvi	Alignment	0.7891095194309282	0.18534584130422527	scVI
scanpy-SeuratV3	scvi	Clustering	0.584107683961147	0.1371975311197551	scVI
scanpy-SeuratV3	scvi	Integration	0.6332013233886656	0.1128570087390142	scVI
scanpy-SeuratV3	scvi	Overall	0.699902280417393	0.10590050312636419	scVI
scanpy-SeuratV3	staligner	Alignment	0.76676574742976	0.2086529741877875	STAligner
scanpy-SeuratV3	staligner	Clustering	0.6151222882665589	0.09508806914014031	STAligner
scanpy-SeuratV3	staligner	Integration	0.5718178215482024	0.24547389928329091	STAligner
scanpy-SeuratV3	staligner	Overall	0.6801039315924124	0.1099831159949277	STAligner
scanpy-SeuratV3 (batch)	cellcharter	Alignment	0.8113101592177308	0.1731152396262904	Cell
Charter
scanpy-SeuratV3 (batch)	cellcharter	Clustering	0.6997011747425137	0.10050307343995617	Cell
Charter
scanpy-SeuratV3 (batch)	cellcharter	Integration	0.5951537535070864	0.33340808003971434	Cell
Charter
scanpy-SeuratV3 (batch)	cellcharter	Overall	0.7606701233867598	0.10881958080303775	Cell
Charter
scanpy-SeuratV3 (batch)	gpsa	Alignment	0.5662909432413856	0.10960184239086403	GPSA
scanpy-SeuratV3 (batch)	gpsa	Clustering	0.0830537664352069	0.1800688827399074	GPSA
scanpy-SeuratV3 (batch)	gpsa	Integration	0.6817694972940588	0.21252901142944608	GPSA
scanpy-SeuratV3 (batch)	gpsa	Overall	0.41356458894247045	0.12504859355092607	GPSA
scanpy-SeuratV3 (batch)	scvi	Alignment	0.7428317809360999	0.18902268132088093	scVI
scanpy-SeuratV3 (batch)	scvi	Clustering	0.5436880466528138	0.1993909026313034	scVI
scanpy-SeuratV3 (batch)	scvi	Integration	0.6214533523907897	0.08971230399465	scVI
scanpy-SeuratV3 (batch)	scvi	Overall	0.665350407070686	0.1289489713557172	scVI
scanpy-SeuratV3 (batch)	staligner	Alignment	0.7404766070025691	0.2255659423318428	STAligner
scanpy-SeuratV3 (batch)	staligner	Clustering	0.6148863097151855	0.1423725444454107	STAligner
scanpy-SeuratV3 (batch)	staligner	Integration	0.532231265355359	0.2389549522100542	STAligner
scanpy-SeuratV3 (batch)	staligner	Overall	0.6528292657992331	0.13005116928423338	STAligner
scry	cellcharter	Alignment	0.8013734538044788	0.1761484499271103	Cell
Charter
scry	cellcharter	Clustering	0.715882745054209	0.052556871461292794	Cell
Charter
scry	cellcharter	Integration	0.7698190512009251	0.026004495911522374	Cell
Charter
scry	cellcharter	Overall	0.7623584166865376	0.07368817573944192	Cell
Charter
scry	gpsa	Alignment	0.522442992656457	0.09154555876741452	GPSA
scry	gpsa	Clustering	0.006572274472319116	0.004690019569343671	GPSA
scry	gpsa	Integration	0.5461630936658018	0.06236599611006211	GPSA
scry	gpsa	Overall	0.358392786931526	0.043914219936889126	GPSA
scry	scvi	Alignment	0.711325706428303	0.2007297470805096	scVI
scry	scvi	Clustering	0.623343615252019	0.06426183714079613	scVI
scry	scvi	Integration	0.531761473384132	0.1309510570368715	scVI
scry	scvi	Overall	0.622143598354818	0.12302265042019986	scVI
scry	staligner	Alignment	0.7064499176073553	0.2710830703987716	STAligner
scry	staligner	Clustering	0.5992482435199246	0.09893264781672344	STAligner
scry	staligner	Integration	0.672551249110237	0.12814074261277805	STAligner
scry	staligner	Overall	0.6594164700791723	0.13071824042852526	STAligner
singleCellHaystack	cellcharter	Alignment	0.8175625074710346	0.16777741654967024	Cell
Charter
singleCellHaystack	cellcharter	Clustering	0.7410199799834202	0.07359182317466767	Cell
Charter
singleCellHaystack	cellcharter	Integration	0.7858816818072072	0.049363549919591194	Cell
Charter
singleCellHaystack	cellcharter	Overall	0.781488056420554	0.07236177116763345	Cell
Charter
singleCellHaystack	gpsa	Alignment	0.5233980215210439	0.09117665523964126	GPSA
singleCellHaystack	gpsa	Clustering	0.007439014807157975	0.005651594614154678	GPSA
singleCellHaystack	gpsa	Integration	0.5464054896266521	0.061891483568422	GPSA
singleCellHaystack	gpsa	Overall	0.3590808419849513	0.04291950919695162	GPSA
singleCellHaystack	scvi	Alignment	0.7464868479810987	0.1891319782971596	scVI
singleCellHaystack	scvi	Clustering	0.6431229758727748	0.12556541274169797	scVI
singleCellHaystack	scvi	Integration	0.5830964198442382	0.16478936656954019	scVI
singleCellHaystack	scvi	Overall	0.6575687478993705	0.13603620284982873	scVI
singleCellHaystack	staligner	Alignment	0.7032299447702729	0.29145694613563317	STAligner
singleCellHaystack	staligner	Clustering	0.6141661511073057	0.08482441102241026	STAligner
singleCellHaystack	staligner	Integration	0.696668973236122	0.10631724122394015	STAligner
singleCellHaystack	staligner	Overall	0.6713550230379002	0.13088321158441407	STAligner
triku	cellcharter	Alignment	0.8188421058121743	0.15704143153915537	Cell
Charter
triku	cellcharter	Clustering	0.7312718520865077	0.04924805787720605	Cell
Charter
triku	cellcharter	Integration	0.5963296422744047	0.3330526743296611	Cell
Charter
triku	cellcharter	Overall	0.7789865343083507	0.07665742575833519	Cell
Charter
triku	gpsa	Alignment	0.5246627147215254	0.09085335034408822	GPSA
triku	gpsa	Clustering	0.018199131954794598	0.015132723162100348	GPSA
triku	gpsa	Integration	0.6604602469162335	0.21560162689245613	GPSA
triku	gpsa	Overall	0.3610781258469042	0.04106374669911512	GPSA
triku	scvi	Alignment	0.7843295617834559	0.20456250710992568	scVI
triku	scvi	Clustering	0.6164302147567793	0.15917888178311304	scVI
triku	scvi	Integration	0.651285304334002	0.11265325849250782	scVI
triku	scvi	Overall	0.7187980777924381	0.11454535865582335	scVI
triku	staligner	Alignment	0.7834316336143478	0.17967277095132653	STAligner
triku	staligner	Clustering	0.6430797698449563	0.08647890858174875	STAligner
triku	staligner	Integration	0.5885908289118504	0.20742145939200476	STAligner
triku	staligner	Overall	0.6943138544061911	0.10806356737073711	STAligner
