Dataset	Type	SelFeatures	Value	SD	StandardValue
DLPFC	Integration	100	0.7615578486293759	1.0079570751921043	0.40819258587164015
DLPFC	Integration	200	0.7667538652287876	0.4796080947005401	0.5645301069304342
DLPFC	Integration	500	0.7614508606222934	0.4903656558487084	0.4169910651510537
DLPFC	Integration	1000	0.755922821334976	0.44392233618078336	0.3574966138227084
DLPFC	Integration	2000	0.7451304501236765	0.5462800744601346	0.15094466993494482
DLPFC	Integration	5000	0.6936703124753618	0.6751399725630564	-0.6061042197608539
DLPFC	Integration	10000	0.6222510111651504	0.8780764493781341	-1.2920508219499258
DLPFC	Clustering	100	0.5144612617019718	0.8856055719814674	-0.82411847204858
DLPFC	Clustering	200	0.5615612182995657	0.8910695485183869	-0.1718755797033511
DLPFC	Clustering	500	0.5997158045921327	0.5780184575299447	0.3652015222859816
DLPFC	Clustering	1000	0.6129275783464682	0.5452546791332913	0.46788193036272474
DLPFC	Clustering	2000	0.6252851726984454	0.4952879195835228	0.5820626782674613
DLPFC	Clustering	5000	0.6051955637433737	0.9594074967979876	0.14373459475710634
DLPFC	Clustering	10000	0.5612871529854013	0.9808185928875904	-0.5628866739213433
DLPFC	Alignment	100	0.7923406985242941	0.8910623101102603	-0.7580587190132023
DLPFC	Alignment	200	0.8156609703776245	0.6094506314405932	-0.06666474862773585
DLPFC	Alignment	500	0.8324197059726235	0.4665853756511687	0.4144053754796353
DLPFC	Alignment	1000	0.8426627206059472	0.36799678707924016	0.6338758307383353
DLPFC	Alignment	2000	0.8418637004465361	0.37021981541119187	0.6447903137785792
DLPFC	Alignment	5000	0.8213785583349377	0.783206819175289	0.18420360730846794
DLPFC	Alignment	10000	0.7640154131655578	1.0385166206320255	-1.0525516596640776
DLPFC	Overall	100	0.6380095551656738	0.9481308189342494	-0.37922355609706365
DLPFC	Overall	200	0.6641575417641767	0.8086977915885096	0.12915917424992684
DLPFC	Overall	500	0.680583332607213	0.5422610720284817	0.46800629947191924
DLPFC	Overall	1000	0.684425199840722	0.4889118652354842	0.45192545353828356
DLPFC	Overall	2000	0.6852078114110609	0.4964721726492318	0.48640008535527657
DLPFC	Overall	5000	0.6494329381093678	0.8794368575419412	-0.1094932263548667
DLPFC	Overall	10000	0.5917690820752758	1.0185520699873245	-1.0467742301634755
E8.5 Embryo	Integration	100	0.643819330528262	1.1647966421074558	0.8396566124474374
E8.5 Embryo	Integration	200	0.6658010618358972	0.4920561170242926	0.7336754893930495
E8.5 Embryo	Integration	500	0.6685230830027328	0.48237355629768724	0.3744150567003409
E8.5 Embryo	Integration	1000	0.653490442079371	0.5151784405561434	-1.800573151218876e-4
E8.5 Embryo	Integration	2000	0.6391425920489427	0.5428558401187128	-0.2219121191317478
E8.5 Embryo	Integration	5000	0.6032771756059312	0.5622798490131122	-0.8453424256444839
E8.5 Embryo	Integration	10000	0.5960600152209928	0.6510696672541126	-0.8803125564494753
E8.5 Embryo	Clustering	100	0.46237234292069923	1.1670162947431084	-0.34559498730341093
E8.5 Embryo	Clustering	200	0.45751007976812297	0.8391444669527681	-0.14482395422412533
E8.5 Embryo	Clustering	500	0.46619519341461185	0.6987897659439447	-0.011062262990716628
E8.5 Embryo	Clustering	1000	0.47873188507222825	0.5795488459878374	0.1598271097775748
E8.5 Embryo	Clustering	2000	0.4883837704091096	0.6443277946839845	0.26431058270088
E8.5 Embryo	Clustering	5000	0.49686262871463055	0.8656079337588144	0.3461664799465059
E8.5 Embryo	Clustering	10000	0.4660119803488848	1.2708303822036424	-0.2688229679067084
E8.5 Embryo	Overall	100	0.5530958367244806	1.2696926196138887	-0.104984159207697
E8.5 Embryo	Overall	200	0.56165557080201	0.8181270485021966	0.19178416202862325
E8.5 Embryo	Overall	500	0.5673591382086723	0.46664255203508437	0.2931923609527628
E8.5 Embryo	Overall	1000	0.5661111635757996	0.4737922832787964	0.24945026553433924
E8.5 Embryo	Overall	2000	0.5637631812290261	0.6379485638137009	0.23426280715823047
E8.5 Embryo	Overall	5000	0.5500699021602808	0.9475732763544885	-0.1045770737887052
E8.5 Embryo	Overall	10000	0.5310359977849388	1.106308973773044	-0.7591283626775528
E9.5 Embryo	Integration	100	0.6066793731552983	1.4976046261407516	0.6001995532126556
E9.5 Embryo	Integration	200	0.6308391496674983	0.6971976199474123	0.43728738323277166
E9.5 Embryo	Integration	500	0.6408447514019504	0.6700046283696844	0.265926828124071
E9.5 Embryo	Integration	1000	0.6373414791764298	0.5529317261958214	0.09266489699577216
E9.5 Embryo	Integration	2000	0.6342795306377641	0.5025304229809321	-0.02213172951379727
E9.5 Embryo	Integration	5000	0.6137547757640271	0.5539552879135051	-0.5647177258195465
E9.5 Embryo	Integration	10000	0.6023440301410011	0.6550927339422867	-0.809229206231926
E9.5 Embryo	Clustering	100	0.4301225894847913	1.1666016625921107	-0.5901784192993119
E9.5 Embryo	Clustering	200	0.43501628713792767	0.9495355457836322	-0.3261770951672001
E9.5 Embryo	Clustering	500	0.45535751921038936	0.7328121696478345	-0.027633378760578538
E9.5 Embryo	Clustering	1000	0.47469828916295675	0.5998438516798069	0.27469140213114446
E9.5 Embryo	Clustering	2000	0.4814937699636245	0.5761050580345134	0.23007102410598596
E9.5 Embryo	Clustering	5000	0.4972994432426847	0.8115096931203671	0.3537584848203987
E9.5 Embryo	Clustering	10000	0.48688699339088054	1.1074946243696737	0.08546798216956107
E9.5 Embryo	Overall	100	0.5184009813200448	1.2985603532885674	-0.5109131946906713
E9.5 Embryo	Overall	200	0.532927718402713	0.848838406204748	-0.08401000890855907
E9.5 Embryo	Overall	500	0.5481011353061699	0.6481014955973019	0.17306387476602988
E9.5 Embryo	Overall	1000	0.5560198841696933	0.5398253534357513	0.3811096027327729
E9.5 Embryo	Overall	2000	0.5578866503006943	0.5724527882891814	0.31218554723898123
E9.5 Embryo	Overall	5000	0.5555271095033559	0.8900789291470107	0.08824641153343034
E9.5 Embryo	Overall	10000	0.5446155117659408	1.0850302548789728	-0.35968223267198496
Mouse Brain	Integration	100	0.7209625780219072	1.0964817086342704	0.09740245145600715
Mouse Brain	Integration	200	0.7181589253805968	0.8294303875085594	0.17243949747226328
Mouse Brain	Integration	500	0.7107812138362863	0.6326714335626044	0.38090124384767304
Mouse Brain	Integration	1000	0.6780503775685102	0.6245226996624832	0.39281944817806075
Mouse Brain	Integration	2000	0.6257203968028462	0.7127143621204771	-0.019977719738983688
Mouse Brain	Integration	5000	0.5642226617943868	1.0538767460882428	-0.2102135270824294
Mouse Brain	Integration	10000	0.5371123910684844	0.8619801430664022	-0.8133713941325905
Mouse Brain	Clustering	100	0.729565622398695	1.0703018244211648	-0.5685846118862673
Mouse Brain	Clustering	200	0.766870980987846	0.7776199890650255	0.11705979490131767
Mouse Brain	Clustering	500	0.7816376830911242	0.512885368730312	0.40664818688200743
Mouse Brain	Clustering	1000	0.7625494236785847	0.8297015585617024	0.4163529992247987
Mouse Brain	Clustering	2000	0.723690437762437	0.8028677804308842	-0.015585947253320544
Mouse Brain	Clustering	5000	0.7114470464756262	1.0189807936443736	0.024374296315132243
Mouse Brain	Clustering	10000	0.7097722979636657	0.9407982743627811	-0.3802647181836674
Mouse Brain	Alignment	100	0.9158824688125031	1.0344076424600914	-0.3394985933353673
Mouse Brain	Alignment	200	0.92932471502004	0.7726738346167328	0.009699337402422377
Mouse Brain	Alignment	500	0.9306325274901669	0.5296047478368408	0.28457405374490163
Mouse Brain	Alignment	1000	0.9116144368217106	0.37940005505470803	0.4177972135779912
Mouse Brain	Alignment	2000	0.8622742189932443	0.8913467634209065	0.6769747101302205
Mouse Brain	Alignment	5000	0.770831985882089	0.9132612456666097	-0.2980798850747175
Mouse Brain	Alignment	10000	0.7484506537641662	0.9362245255266368	-0.7514668364454485
Mouse Brain	Overall	100	0.7252641002103012	1.1725116913351068	-0.39292470509427657
Mouse Brain	Overall	200	0.7425149531842213	0.8160528786349828	0.1256586159320831
Mouse Brain	Overall	500	0.7462094484637053	0.5433890769192476	0.3878278577666946
Mouse Brain	Overall	1000	0.7202999006235474	0.6360590125926558	0.45604067847399865
Mouse Brain	Overall	2000	0.6747054172826416	0.6893665565737787	0.04384497023429542
Mouse Brain	Overall	5000	0.6378348541350065	1.1354525052946327	-0.02544338857568941
Mouse Brain	Overall	10000	0.623442344516075	0.8363752847321301	-0.5950040287371048
STOmics-0212	Integration	100	0.5060165453715639	0.8779251454212766	0.38653286533917397
STOmics-0212	Integration	200	0.5009096827736302	0.8386179636903679	0.2691808400646792
STOmics-0212	Integration	500	0.4888794151078393	0.7909694863486004	-0.1392720762389623
STOmics-0212	Integration	1000	0.48603309192592753	0.6463167643994466	-0.09990692624017056
STOmics-0212	Integration	2000	0.49051414629525186	0.6536302049563484	0.1693648463659554
STOmics-0212	Integration	5000	0.4766140637256646	1.0134942904942128	-0.03067606634579941
STOmics-0212	Integration	10000	0.4523761502629353	1.2385438173625178	-0.5552234829448761
STOmics-0212	Clustering	100	0.6432896987502887	1.1750622194408473	-0.10834092990583212
STOmics-0212	Clustering	200	0.6633834132647337	0.8495565055256716	0.3070558341799193
STOmics-0212	Clustering	500	0.6798897152386689	0.8337004826571063	0.5461850523870996
STOmics-0212	Clustering	1000	0.6690370521687333	0.6199827299149766	0.30139297776563617
STOmics-0212	Clustering	2000	0.6574121123081881	0.703047672478818	0.04104939809883458
STOmics-0212	Clustering	5000	0.6412950817970211	0.7693349467958479	-0.3065382665241949
STOmics-0212	Clustering	10000	0.6185407409549067	0.7846111016437718	-0.7808040660014622
STOmics-0212	Overall	100	0.5746531220609263	1.0479924450125746	0.11576117024105725
STOmics-0212	Overall	200	0.582146548019182	0.8647051388537758	0.43723257054463033
STOmics-0212	Overall	500	0.5843845651732541	0.6715638736828947	0.521889246666653
STOmics-0212	Overall	1000	0.5775350720473305	0.5677242590278255	0.21125234007632593
STOmics-0212	Overall	2000	0.57396312930172	0.6635215728479181	0.13355478536110896
STOmics-0212	Overall	5000	0.5589545727613429	0.7336301174229927	-0.3305655526612932
STOmics-0212	Overall	10000	0.5354584456089211	0.8002591504758634	-1.0891245602284805
STOmics-0218	Integration	100	0.734610254011056	1.254181064423657	-0.3822727585124015
STOmics-0218	Integration	200	0.749605308311058	0.9238268477433605	0.235704335652247
STOmics-0218	Integration	500	0.7507623784658155	0.8366779682108396	0.07042627846375607
STOmics-0218	Integration	1000	0.7508342375718373	0.5660818904576609	0.20552672405956737
STOmics-0218	Integration	2000	0.7533302918507405	0.48007076058665954	0.34730022348852363
STOmics-0218	Integration	5000	0.7466313568630466	0.8188053199954091	-0.09209606629002753
STOmics-0218	Integration	10000	0.740877983257831	1.1055876992919853	-0.3845887368616614
STOmics-0218	Clustering	100	0.6530179663831099	0.8887598138440275	-1.2375214005761275
STOmics-0218	Clustering	200	0.6916100929845518	0.7034915169632268	-0.44934210734366076
STOmics-0218	Clustering	500	0.7239978380719952	0.8491429046442143	0.10273543300866525
STOmics-0218	Clustering	1000	0.7353255161808246	0.6935603038642004	0.3771958492509838
STOmics-0218	Clustering	2000	0.7379437938286596	0.5040634622501119	0.4478760887896977
STOmics-0218	Clustering	5000	0.7383382809666165	0.6642322225316716	0.40599616557178897
STOmics-0218	Clustering	10000	0.7382486326863429	0.7107388770833849	0.3530599712986524
STOmics-0218	Overall	100	0.693814110197083	0.8494947674205979	-1.2108347658509464
STOmics-0218	Overall	200	0.7206077006478049	0.8033097981452012	-0.33344981882589864
STOmics-0218	Overall	500	0.7373801082689054	0.7927056165830506	0.12755204997227632
STOmics-0218	Overall	1000	0.7430798768763309	0.6945345133884601	0.4110673625431131
STOmics-0218	Overall	2000	0.7456370428397001	0.41846683048511407	0.5148257486132182
STOmics-0218	Overall	5000	0.7424848189148315	0.7342124379541318	0.334226948188645
STOmics-0218	Overall	10000	0.739563307972087	0.8435485552881676	0.15661247535959502
STOmics-0224	Integration	100	0.6131106762515519	0.9978636075328953	0.10336402322498185
STOmics-0224	Integration	200	0.6104962022514043	0.7221120991282962	0.24777985404192068
STOmics-0224	Integration	500	0.6083054088394771	0.7546805830915886	0.3341117892635508
STOmics-0224	Integration	1000	0.5990900949231224	0.7099590736826805	0.0616176686140509
STOmics-0224	Integration	2000	0.5976769973241521	0.48743982104246153	0.10877768550135478
STOmics-0224	Integration	5000	0.5751842847923233	0.8144750013896358	-0.14134386568653842
STOmics-0224	Integration	10000	0.5291357272810352	1.3679118311977958	-0.7143071549593191
STOmics-0224	Clustering	100	0.4927935972962017	1.2637219800916046	-0.915199001399095
STOmics-0224	Clustering	200	0.5407267042773592	0.7304195710877823	-0.5305333686136675
STOmics-0224	Clustering	500	0.588677374975676	0.66303110381462	0.050789305429442815
STOmics-0224	Clustering	1000	0.6161276435441448	0.6364753520377026	0.295866379255345
STOmics-0224	Clustering	2000	0.6391640398817677	0.5620525794208995	0.44829540619175645
STOmics-0224	Clustering	5000	0.6510333362252178	0.7099139280804025	0.4426553365026771
STOmics-0224	Clustering	10000	0.6394664986807408	0.7948761232271223	0.20812594263353995
STOmics-0224	Overall	100	0.5529521367738768	1.075604003674146	-0.7044786580140644
STOmics-0224	Overall	200	0.5756114532643818	0.7379430605859646	-0.3383761238756283
STOmics-0224	Overall	500	0.5984913919075766	0.7501745337682117	0.20674300937203968
STOmics-0224	Overall	1000	0.6076088692336336	0.7675553104959734	0.29945123493478704
STOmics-0224	Overall	2000	0.6184205186029599	0.5843024676913471	0.48750996947810665
STOmics-0224	Overall	5000	0.6131088105087705	0.7862170871489741	0.3489395892952843
STOmics-0224	Overall	10000	0.584301112980888	1.0387049316449164	-0.2997890211905261
