MethodRaw	Type	MeanRank	SDRank	Method
All features	Overall	31	1.1547005383792515	All features
All features	Integration	33.57142857142857	0.5345224838248488	All features
All features	Clustering	20.428571428571427	8.753230696094306	All features
All features	Alignment	33	0	All features
Anticor (N=2,000)	Overall	14.428571428571429	8.978811035936085	Anticor (N=2,000)
Anticor (N=2,000)	Integration	22.285714285714285	2.3603873774083293	Anticor (N=2,000)
Anticor (N=2,000)	Clustering	11.142857142857142	8.39500985563391	Anticor (N=2,000)
Anticor (N=2,000)	Alignment	19	11.313708498984761	Anticor (N=2,000)
Brennecke (N=2,000)	Overall	22.714285714285715	6.626066850308854	Brennecke (N=2,000)
Brennecke (N=2,000)	Integration	12.285714285714286	7.782764841072135	Brennecke (N=2,000)
Brennecke (N=2,000)	Clustering	26	3.605551275463989	Brennecke (N=2,000)
Brennecke (N=2,000)	Alignment	20.5	13.435028842544403	Brennecke (N=2,000)
DUBStepR (N=2,000)	Overall	12.142857142857142	8.254868693253524	DUBStepR (N=2,000)
DUBStepR (N=2,000)	Integration	16.571428571428573	8.541216596737314	DUBStepR (N=2,000)
DUBStepR (N=2,000)	Clustering	12.714285714285714	8.36090676330994	DUBStepR (N=2,000)
DUBStepR (N=2,000)	Alignment	16	8.48528137423857	DUBStepR (N=2,000)
Hotspot (N=2,000)	Overall	15	11.180339887498949	Hotspot (N=2,000)
Hotspot (N=2,000)	Integration	21.571428571428573	8.038597366397177	Hotspot (N=2,000)
Hotspot (N=2,000)	Clustering	10.857142857142858	10.007140307942981	Hotspot (N=2,000)
Hotspot (N=2,000)	Alignment	16.5	10.606601717798213	Hotspot (N=2,000)
Moran's I (N=2,000)	Overall	15	9.201449161228174	Moran's I (N=2,000)
Moran's I (N=2,000)	Integration	21.142857142857142	8.687703406320365	Moran's I (N=2,000)
Moran's I (N=2,000)	Clustering	13.571428571428571	9.880235200593537	Moran's I (N=2,000)
Moran's I (N=2,000)	Alignment	26	8.48528137423857	Moran's I (N=2,000)
NBumi (N=2,000)	Overall	12	7.416198487095663	NBumi (N=2,000)
NBumi (N=2,000)	Integration	20	11.604596790352806	NBumi (N=2,000)
NBumi (N=2,000)	Clustering	10.714285714285714	5.056820005836531	NBumi (N=2,000)
NBumi (N=2,000)	Alignment	5.5	4.949747468305833	NBumi (N=2,000)
OSCA (N=2,000)	Overall	11	3.7416573867739413	OSCA (N=2,000)
OSCA (N=2,000)	Integration	15.142857142857142	6.618876325292973	OSCA (N=2,000)
OSCA (N=2,000)	Clustering	13.571428571428571	1.618347187425374	OSCA (N=2,000)
OSCA (N=2,000)	Alignment	19	9.899494936611665	OSCA (N=2,000)
Random (N=500)	Overall	32.57142857142857	0.7867957924694432	Random (N=500)
Random (N=500)	Integration	18.857142857142858	13.246742636444269	Random (N=500)
Random (N=500)	Clustering	33	0.5773502691896257	Random (N=500)
Random (N=500)	Alignment	24	14.142135623730951	Random (N=500)
SOMDE (N=2,000)	Overall	9.714285714285714	9.013217807092827	SOMDE (N=2,000)
SOMDE (N=2,000)	Integration	21.142857142857142	10.82325538564332	SOMDE (N=2,000)
SOMDE (N=2,000)	Clustering	9	10.614455552060438	SOMDE (N=2,000)
SOMDE (N=2,000)	Alignment	11	9.899494936611665	SOMDE (N=2,000)
SPARK-X (N=2,000)	Overall	20.857142857142858	9.099973835650507	SPARK-X (N=2,000)
SPARK-X (N=2,000)	Integration	27.571428571428573	3.994043183589901	SPARK-X (N=2,000)
SPARK-X (N=2,000)	Clustering	16	9.521904571390467	SPARK-X (N=2,000)
SPARK-X (N=2,000)	Alignment	21.5	4.949747468305833	SPARK-X (N=2,000)
Seurat-Dispersion (N=2,000)	Overall	18.142857142857142	8.132825901423018	Seurat-Dispersion (N=2,000)
Seurat-Dispersion (N=2,000)	Integration	15.428571428571429	8.07995756707387	Seurat-Dispersion (N=2,000)
Seurat-Dispersion (N=2,000)	Clustering	19.571428571428573	5.968169536721256	Seurat-Dispersion (N=2,000)
Seurat-Dispersion (N=2,000)	Alignment	22	1.4142135623730951	Seurat-Dispersion (N=2,000)
Seurat-MVP (N=2,000)	Overall	19.571428571428573	7.480132415430956	Seurat-MVP (N=2,000)
Seurat-MVP (N=2,000)	Integration	9.428571428571429	8.847921466972585	Seurat-MVP (N=2,000)
Seurat-MVP (N=2,000)	Clustering	23.428571428571427	8.30375703837612	Seurat-MVP (N=2,000)
Seurat-MVP (N=2,000)	Alignment	14	14.142135623730951	Seurat-MVP (N=2,000)
Seurat-VST (N=2,000)	Overall	11	6.95221787153807	Seurat-VST (N=2,000)
Seurat-VST (N=2,000)	Integration	20.285714285714285	8.845230083954585	Seurat-VST (N=2,000)
Seurat-VST (N=2,000)	Clustering	8.428571428571429	6.347102826149446	Seurat-VST (N=2,000)
Seurat-VST (N=2,000)	Alignment	6.5	0.7071067811865476	Seurat-VST (N=2,000)
Seurat-scTransform (N=2,000)	Overall	14.428571428571429	13.28980991658826	Seurat-scTransform (N=2,000)
Seurat-scTransform (N=2,000)	Integration	12.428571428571429	5.912053869204927	Seurat-scTransform (N=2,000)
Seurat-scTransform (N=2,000)	Clustering	15.142857142857142	11.810003830490086	Seurat-scTransform (N=2,000)
Seurat-scTransform (N=2,000)	Alignment	15.5	2.1213203435596424	Seurat-scTransform (N=2,000)
SpatialDE (N=2,000)	Overall	13.428571428571429	6.948792289723034	SpatialDE (N=2,000)
SpatialDE (N=2,000)	Integration	19.714285714285715	7.782764841072135	SpatialDE (N=2,000)
SpatialDE (N=2,000)	Clustering	12.142857142857142	8.591246929842246	SpatialDE (N=2,000)
SpatialDE (N=2,000)	Alignment	14	8.48528137423857	SpatialDE (N=2,000)
Statistic mean (N=2,000)	Overall	25.428571428571427	4.577377082170635	Statistic mean (N=2,000)
Statistic mean (N=2,000)	Integration	20	11.532562594670797	Statistic mean (N=2,000)
Statistic mean (N=2,000)	Clustering	23.571428571428573	5.623081683476386	Statistic mean (N=2,000)
Statistic mean (N=2,000)	Alignment	26.5	2.1213203435596424	Statistic mean (N=2,000)
Statistic variance (N=2,000)	Overall	21.142857142857142	6.309478885734052	Statistic variance (N=2,000)
Statistic variance (N=2,000)	Integration	20.571428571428573	8.283661486266059	Statistic variance (N=2,000)
Statistic variance (N=2,000)	Clustering	19.142857142857142	6.9624845045565795	Statistic variance (N=2,000)
Statistic variance (N=2,000)	Alignment	23.5	14.849242404917497	Statistic variance (N=2,000)
Transcription factors (N=2,000)	Overall	28.857142857142858	4.879500364742666	Transcription factors (N=2,000)
Transcription factors (N=2,000)	Integration	14.714285714285714	9.945087325145108	Transcription factors (N=2,000)
Transcription factors (N=2,000)	Clustering	30.428571428571427	3.359421718944242	Transcription factors (N=2,000)
Transcription factors (N=2,000)	Alignment	22.5	13.435028842544403	Transcription factors (N=2,000)
Wilcoxon (N=2,000)	Overall	11.6	10.573551910309043	Wilcoxon (N=2,000)
Wilcoxon (N=2,000)	Integration	11.2	7.694153624668538	Wilcoxon (N=2,000)
Wilcoxon (N=2,000)	Clustering	13.8	11.987493482792805	Wilcoxon (N=2,000)
Wilcoxon (N=2,000)	Alignment	8.5	2.1213203435596424	Wilcoxon (N=2,000)
nnSVG (N=2,000)	Overall	12.857142857142858	7.625146368618582	nnSVG (N=2,000)
nnSVG (N=2,000)	Integration	19.571428571428573	6.502746672423452	nnSVG (N=2,000)
nnSVG (N=2,000)	Clustering	13.714285714285714	6.651172470932869	nnSVG (N=2,000)
nnSVG (N=2,000)	Alignment	18	1.4142135623730951	nnSVG (N=2,000)
scPNMF (N=2,000)	Overall	17.857142857142858	5.756983337031396	scPNMF (N=2,000)
scPNMF (N=2,000)	Integration	18.428571428571427	7.091242083423347	scPNMF (N=2,000)
scPNMF (N=2,000)	Clustering	18.571428571428573	3.9520940802374147	scPNMF (N=2,000)
scPNMF (N=2,000)	Alignment	26.5	6.363961030678928	scPNMF (N=2,000)
scSEGIndex (N=500)	Overall	32.57142857142857	1.8126539343499315	scSEGIndex (N=500)
scSEGIndex (N=500)	Integration	17.857142857142858	15.43187795256485	scSEGIndex (N=500)
scSEGIndex (N=500)	Clustering	33	1.1547005383792515	scSEGIndex (N=500)
scSEGIndex (N=500)	Alignment	19.5	16.263455967290593	scSEGIndex (N=500)
scanpy-CellRanger (N=2,000)	Overall	15	11.150485789118488	scanpy-CellRanger (N=2,000)
scanpy-CellRanger (N=2,000)	Integration	7.857142857142857	6.792853387410709	scanpy-CellRanger (N=2,000)
scanpy-CellRanger (N=2,000)	Clustering	19.714285714285715	10.562737740350679	scanpy-CellRanger (N=2,000)
scanpy-CellRanger (N=2,000)	Alignment	14.5	17.67766952966369	scanpy-CellRanger (N=2,000)
scanpy-CellRanger (batch) (N=2,000)	Overall	13.142857142857142	11.838194843085542	scanpy-CellRanger (batch) (N=2,000)
scanpy-CellRanger (batch) (N=2,000)	Integration	7.142857142857143	6.841748592978538	scanpy-CellRanger (batch) (N=2,000)
scanpy-CellRanger (batch) (N=2,000)	Clustering	19	9.273618495495704	scanpy-CellRanger (batch) (N=2,000)
scanpy-CellRanger (batch) (N=2,000)	Alignment	15	19.79898987322333	scanpy-CellRanger (batch) (N=2,000)
scanpy-Pearson (N=2,000)	Overall	12.142857142857142	5.367450401216932	scanpy-Pearson (N=2,000)
scanpy-Pearson (N=2,000)	Integration	19.142857142857142	7.668736780560656	scanpy-Pearson (N=2,000)
scanpy-Pearson (N=2,000)	Clustering	13.285714285714286	5.618845839799182	scanpy-Pearson (N=2,000)
scanpy-Pearson (N=2,000)	Alignment	22.5	9.192388155425117	scanpy-Pearson (N=2,000)
scanpy-Pearson (batch) (N=2,000)	Overall	17.857142857142858	8.173709305420875	scanpy-Pearson (batch) (N=2,000)
scanpy-Pearson (batch) (N=2,000)	Integration	16.428571428571427	5.652643713553947	scanpy-Pearson (batch) (N=2,000)
scanpy-Pearson (batch) (N=2,000)	Clustering	19.428571428571427	7.207800007795787	scanpy-Pearson (batch) (N=2,000)
scanpy-Pearson (batch) (N=2,000)	Alignment	21	2.8284271247461903	scanpy-Pearson (batch) (N=2,000)
scanpy-Seurat (N=2,000)	Overall	20.285714285714285	8.577378887016042	scanpy-Seurat (N=2,000)
scanpy-Seurat (N=2,000)	Integration	9.285714285714286	10.54694719992924	scanpy-Seurat (N=2,000)
scanpy-Seurat (N=2,000)	Clustering	24.142857142857142	9.026416258748013	scanpy-Seurat (N=2,000)
scanpy-Seurat (N=2,000)	Alignment	16.5	16.263455967290593	scanpy-Seurat (N=2,000)
scanpy-Seurat (batch) (N=2,000)	Overall	17.857142857142858	7.819389819088006	scanpy-Seurat (batch) (N=2,000)
scanpy-Seurat (batch) (N=2,000)	Integration	7.428571428571429	2.5071326821120348	scanpy-Seurat (batch) (N=2,000)
scanpy-Seurat (batch) (N=2,000)	Clustering	21.857142857142858	7.5813053279887415	scanpy-Seurat (batch) (N=2,000)
scanpy-Seurat (batch) (N=2,000)	Alignment	16.5	6.363961030678928	scanpy-Seurat (batch) (N=2,000)
scanpy-SeuratV3 (N=2,000)	Overall	11.714285714285714	7.994045402971008	scanpy-SeuratV3 (N=2,000)
scanpy-SeuratV3 (N=2,000)	Integration	21.571428571428573	8.772250620700536	scanpy-SeuratV3 (N=2,000)
scanpy-SeuratV3 (N=2,000)	Clustering	9.857142857142858	8.454359258760565	scanpy-SeuratV3 (N=2,000)
scanpy-SeuratV3 (N=2,000)	Alignment	5.5	0.7071067811865476	scanpy-SeuratV3 (N=2,000)
scanpy-SeuratV3 (batch) (N=2,000)	Overall	14.428571428571429	6.078847008469694	scanpy-SeuratV3 (batch) (N=2,000)
scanpy-SeuratV3 (batch) (N=2,000)	Integration	15.142857142857142	7.925245977856069	scanpy-SeuratV3 (batch) (N=2,000)
scanpy-SeuratV3 (batch) (N=2,000)	Clustering	14.857142857142858	7.819389819088006	scanpy-SeuratV3 (batch) (N=2,000)
scanpy-SeuratV3 (batch) (N=2,000)	Alignment	15.5	0.7071067811865476	scanpy-SeuratV3 (batch) (N=2,000)
scry (N=2,000)	Overall	21.428571428571427	7.25389878748302	scry (N=2,000)
scry (N=2,000)	Integration	21.428571428571427	10.390013520317524	scry (N=2,000)
scry (N=2,000)	Clustering	19.142857142857142	8.071112509614592	scry (N=2,000)
scry (N=2,000)	Alignment	28	2.8284271247461903	scry (N=2,000)
singleCellHaystack (N=2,000)	Overall	14.142857142857142	10.82325538564332	singleCellHaystack (N=2,000)
singleCellHaystack (N=2,000)	Integration	17.571428571428573	9.271050693011064	singleCellHaystack (N=2,000)
singleCellHaystack (N=2,000)	Clustering	12.571428571428571	8.521681032463468	singleCellHaystack (N=2,000)
singleCellHaystack (N=2,000)	Alignment	8	9.899494936611665	singleCellHaystack (N=2,000)
triku (N=2,000)	Overall	7.285714285714286	4.423960733486292	triku (N=2,000)
triku (N=2,000)	Integration	15.714285714285714	10.827654189070467	triku (N=2,000)
triku (N=2,000)	Clustering	7.428571428571429	5.287001130355558	triku (N=2,000)
triku (N=2,000)	Alignment	3	0	triku (N=2,000)
