Dataset	Method	Selected
DLPFC	Brennecke-N2000	2000
DLPFC	TFs-N2000	1462
DLPFC	all_features-Nall	21686
DLPFC	anticor-N2000	2000
DLPFC	dubstepr-N2000	1386
DLPFC	hotspot-N2000	2000
DLPFC	morans_i-N2000	2000
DLPFC	nbumi-N2000	2000
DLPFC	nnsvg-N2000	2000
DLPFC	osca-N2000	2000
DLPFC	random-N500	500
DLPFC	scPNMF-N2000	2000
DLPFC	scanpy_cell_ranger-N2000	2000
DLPFC	scanpy_cell_ranger_batch-N2000	2000
DLPFC	scanpy_pearson-N2000	2000
DLPFC	scanpy_pearson_batch-N2000	2000
DLPFC	scanpy_seurat-N2000	2000
DLPFC	scanpy_seurat_batch-N2000	2000
DLPFC	scanpy_seurat_v3-N2000	2000
DLPFC	scanpy_seurat_v3_batch-N2000	2000
DLPFC	scry-N2000	2000
DLPFC	scsegindex-N500	500
DLPFC	seurat_disp-N2000	2000
DLPFC	seurat_mvp-N2000	680
DLPFC	seurat_sct-N2000	2000
DLPFC	seurat_vst-N2000	2000
DLPFC	singleCellHaystack-N2000	2000
DLPFC	somde-N2000	2000
DLPFC	sparkx-N2000	2000
DLPFC	spatialde-N2000	2000
DLPFC	statistic_mean-N2000	2000
DLPFC	statistic_variance-N2000	2000
DLPFC	triku-N2000	2000
E8p5Embryo	Brennecke-N2000	2000
E8p5Embryo	TFs-N2000	1211
E8p5Embryo	all_features-Nall	18703
E8p5Embryo	anticor-N2000	2000
E8p5Embryo	dubstepr-N2000	1257
E8p5Embryo	hotspot-N2000	2000
E8p5Embryo	morans_i-N2000	2000
E8p5Embryo	nbumi-N2000	2000
E8p5Embryo	nnsvg-N2000	2000
E8p5Embryo	osca-N2000	2000
E8p5Embryo	random-N500	500
E8p5Embryo	scPNMF-N2000	2000
E8p5Embryo	scanpy_cell_ranger-N2000	2000
E8p5Embryo	scanpy_cell_ranger_batch-N2000	2000
E8p5Embryo	scanpy_pearson-N2000	2000
E8p5Embryo	scanpy_pearson_batch-N2000	2000
E8p5Embryo	scanpy_seurat-N2000	2000
E8p5Embryo	scanpy_seurat_batch-N2000	2000
E8p5Embryo	scanpy_seurat_v3-N2000	2000
E8p5Embryo	scanpy_seurat_v3_batch-N2000	2000
E8p5Embryo	scry-N2000	2000
E8p5Embryo	scsegindex-N500	500
E8p5Embryo	seurat_disp-N2000	2000
E8p5Embryo	seurat_mvp-N2000	2000
E8p5Embryo	seurat_sct-N2000	2000
E8p5Embryo	seurat_vst-N2000	2000
E8p5Embryo	singleCellHaystack-N2000	2000
E8p5Embryo	somde-N2000	2000
E8p5Embryo	sparkx-N2000	2000
E8p5Embryo	spatialde-N2000	2000
E8p5Embryo	statistic_mean-N2000	2000
E8p5Embryo	statistic_variance-N2000	2000
E8p5Embryo	triku-N2000	2000
E9p5Embryo	Brennecke-N2000	2000
E9p5Embryo	TFs-N2000	1243
E9p5Embryo	all_features-Nall	19660
E9p5Embryo	anticor-N2000	2000
E9p5Embryo	dubstepr-N2000	948
E9p5Embryo	hotspot-N2000	2000
E9p5Embryo	morans_i-N2000	2000
E9p5Embryo	nbumi-N2000	2000
E9p5Embryo	nnsvg-N2000	2000
E9p5Embryo	osca-N2000	2000
E9p5Embryo	random-N500	500
E9p5Embryo	scPNMF-N2000	2000
E9p5Embryo	scanpy_cell_ranger-N2000	2000
E9p5Embryo	scanpy_cell_ranger_batch-N2000	2000
E9p5Embryo	scanpy_pearson-N2000	2000
E9p5Embryo	scanpy_pearson_batch-N2000	2000
E9p5Embryo	scanpy_seurat-N2000	2000
E9p5Embryo	scanpy_seurat_batch-N2000	2000
E9p5Embryo	scanpy_seurat_v3-N2000	2000
E9p5Embryo	scanpy_seurat_v3_batch-N2000	2000
E9p5Embryo	scry-N2000	2000
E9p5Embryo	scsegindex-N500	500
E9p5Embryo	seurat_disp-N2000	2000
E9p5Embryo	seurat_mvp-N2000	2000
E9p5Embryo	seurat_sct-N2000	2000
E9p5Embryo	seurat_vst-N2000	2000
E9p5Embryo	singleCellHaystack-N2000	2000
E9p5Embryo	somde-N2000	2000
E9p5Embryo	sparkx-N2000	2000
E9p5Embryo	spatialde-N2000	2000
E9p5Embryo	statistic_mean-N2000	2000
E9p5Embryo	statistic_variance-N2000	2000
E9p5Embryo	triku-N2000	2000
MouseBrainSerialSections	Brennecke-N2000	2000
MouseBrainSerialSections	TFs-N2000	1178
MouseBrainSerialSections	all_features-Nall	20056
MouseBrainSerialSections	anticor-N2000	2000
MouseBrainSerialSections	dubstepr-N2000	2000
MouseBrainSerialSections	hotspot-N2000	2000
MouseBrainSerialSections	morans_i-N2000	2000
MouseBrainSerialSections	nbumi-N2000	2000
MouseBrainSerialSections	nnsvg-N2000	2000
MouseBrainSerialSections	osca-N2000	2000
MouseBrainSerialSections	random-N500	500
MouseBrainSerialSections	scPNMF-N2000	2000
MouseBrainSerialSections	scanpy_cell_ranger-N2000	2000
MouseBrainSerialSections	scanpy_cell_ranger_batch-N2000	2000
MouseBrainSerialSections	scanpy_pearson-N2000	2000
MouseBrainSerialSections	scanpy_pearson_batch-N2000	2000
MouseBrainSerialSections	scanpy_seurat-N2000	2000
MouseBrainSerialSections	scanpy_seurat_batch-N2000	2000
MouseBrainSerialSections	scanpy_seurat_v3-N2000	2000
MouseBrainSerialSections	scanpy_seurat_v3_batch-N2000	2000
MouseBrainSerialSections	scry-N2000	2000
MouseBrainSerialSections	scsegindex-N500	500
MouseBrainSerialSections	seurat_disp-N2000	2000
MouseBrainSerialSections	seurat_mvp-N2000	1046
MouseBrainSerialSections	seurat_sct-N2000	2000
MouseBrainSerialSections	seurat_vst-N2000	2000
MouseBrainSerialSections	singleCellHaystack-N2000	2000
MouseBrainSerialSections	somde-N2000	2000
MouseBrainSerialSections	sparkx-N2000	2000
MouseBrainSerialSections	spatialde-N2000	2000
MouseBrainSerialSections	statistic_mean-N2000	2000
MouseBrainSerialSections	statistic_variance-N2000	2000
MouseBrainSerialSections	triku-N2000	2000
STOmics0212	Brennecke-N2000	2000
STOmics0212	TFs-N2000	1627
STOmics0212	all_features-Nall	21587
STOmics0212	anticor-N2000	2000
STOmics0212	dubstepr-N2000	1828
STOmics0212	hotspot-N2000	2000
STOmics0212	morans_i-N2000	2000
STOmics0212	nbumi-N2000	2000
STOmics0212	nnsvg-N2000	2000
STOmics0212	osca-N2000	2000
STOmics0212	random-N500	500
STOmics0212	scPNMF-N2000	2000
STOmics0212	scanpy_cell_ranger-N2000	2000
STOmics0212	scanpy_cell_ranger_batch-N2000	2000
STOmics0212	scanpy_pearson-N2000	2000
STOmics0212	scanpy_pearson_batch-N2000	2000
STOmics0212	scanpy_seurat-N2000	2000
STOmics0212	scanpy_seurat_batch-N2000	2000
STOmics0212	scanpy_seurat_v3-N2000	2000
STOmics0212	scanpy_seurat_v3_batch-N2000	2000
STOmics0212	scry-N2000	2000
STOmics0212	scsegindex-N500	500
STOmics0212	seurat_disp-N2000	2000
STOmics0212	seurat_mvp-N2000	1179
STOmics0212	seurat_sct-N2000	2000
STOmics0212	seurat_vst-N2000	2000
STOmics0212	singleCellHaystack-N2000	2000
STOmics0212	somde-N2000	2000
STOmics0212	sparkx-N2000	2000
STOmics0212	spatialde-N2000	2000
STOmics0212	statistic_mean-N2000	2000
STOmics0212	statistic_variance-N2000	2000
STOmics0212	triku-N2000	2000
STOmics0218	Brennecke-N2000	2000
STOmics0218	TFs-N2000	1364
STOmics0218	all_features-Nall	32285
STOmics0218	anticor-N2000	2000
STOmics0218	dubstepr-N2000	2000
STOmics0218	hotspot-N2000	2000
STOmics0218	morans_i-N2000	2000
STOmics0218	nbumi-N2000	2000
STOmics0218	nnsvg-N2000	2000
STOmics0218	osca-N2000	2000
STOmics0218	random-N500	500
STOmics0218	scPNMF-N2000	2000
STOmics0218	scanpy_cell_ranger-N2000	2000
STOmics0218	scanpy_cell_ranger_batch-N2000	2000
STOmics0218	scanpy_pearson-N2000	2000
STOmics0218	scanpy_pearson_batch-N2000	2000
STOmics0218	scanpy_seurat-N2000	2000
STOmics0218	scanpy_seurat_batch-N2000	2000
STOmics0218	scanpy_seurat_v3-N2000	2000
STOmics0218	scanpy_seurat_v3_batch-N2000	2000
STOmics0218	scry-N2000	2000
STOmics0218	scsegindex-N500	500
STOmics0218	seurat_disp-N2000	2000
STOmics0218	seurat_mvp-N2000	1411
STOmics0218	seurat_sct-N2000	2000
STOmics0218	seurat_vst-N2000	2000
STOmics0218	singleCellHaystack-N2000	2000
STOmics0218	somde-N2000	2000
STOmics0218	sparkx-N2000	2000
STOmics0218	spatialde-N2000	2000
STOmics0218	statistic_mean-N2000	2000
STOmics0218	statistic_variance-N2000	2000
STOmics0218	triku-N2000	2000
STOmics0224	Brennecke-N2000	2000
STOmics0224	TFs-N2000	1626
STOmics0224	all_features-Nall	36601
STOmics0224	anticor-N2000	2000
STOmics0224	dubstepr-N2000	1851
STOmics0224	hotspot-N2000	2000
STOmics0224	morans_i-N2000	2000
STOmics0224	nbumi-N2000	2000
STOmics0224	nnsvg-N2000	2000
STOmics0224	osca-N2000	2000
STOmics0224	random-N500	500
STOmics0224	scPNMF-N2000	2000
STOmics0224	scanpy_cell_ranger-N2000	2000
STOmics0224	scanpy_cell_ranger_batch-N2000	2000
STOmics0224	scanpy_pearson-N2000	2000
STOmics0224	scanpy_pearson_batch-N2000	2000
STOmics0224	scanpy_seurat-N2000	2000
STOmics0224	scanpy_seurat_batch-N2000	2000
STOmics0224	scanpy_seurat_v3-N2000	2000
STOmics0224	scanpy_seurat_v3_batch-N2000	2000
STOmics0224	scry-N2000	2000
STOmics0224	scsegindex-N500	500
STOmics0224	seurat_disp-N2000	2000
STOmics0224	seurat_mvp-N2000	1085
STOmics0224	seurat_sct-N2000	2000
STOmics0224	seurat_vst-N2000	2000
STOmics0224	singleCellHaystack-N2000	2000
STOmics0224	somde-N2000	2000
STOmics0224	sparkx-N2000	2000
STOmics0224	spatialde-N2000	2000
STOmics0224	statistic_mean-N2000	2000
STOmics0224	statistic_variance-N2000	2000
STOmics0224	triku-N2000	2000
