dataset	fs_method	n_features	integration_method	random_seed	Accuracy	CHAOS	GC	ILL	PAS	Ratio	ari	bASW	dASW	dLISI	iLISI	nmi	silhouette	BatchMixing	BiologicalConservation	Integration	LabelIndependentClustering	LabelAgreement	Clustering	Alignment	CoreOverall	AlignmentEligibleOverall	MethodGroup
DLPFC	hybrid_hvg_svg_intersection	2000	cellcharter	0	0.944902016472593	0.9750411935169976	0.9791158944442211	0.8754211155335585	0.9758008598266092	0.916310646818151	0.8457453061588799	0.9519445240211643	0.9044408413566106	0.967492664499909	0.275196803354723	0.937882684490727	0.0795637096257079	0.6135706636879437	0.9316176289585748	0.7725941463232593	0.6768019209897714	0.8918139953248034	0.7843079581572874	0.930606331645372	0.7784510522402733	0.8291694787086396	hybrid
DLPFC	hybrid_hvg_svg_intersection	2000	cellcharter	1	0.9687588753195115	0.9671830793811019	0.9717323591077871	0.8775326803723409	0.9642559978108858	0.9216802879055015	0.7321597131757497	0.9501804123168002	0.9178915176725926	0.967280908877313	0.27439715307797463	0.7974907959947121	0.09724647126009259	0.6122887826973874	0.9336093665075085	0.7729490746024479	0.6762285161506935	0.7648252545852309	0.7205268853679622	0.9452195816125065	0.746737979985205	0.8128985138609721	hybrid
DLPFC	hybrid_hvg_svg_intersection	2000	cellcharter	2	0.9529111047997727	0.9720628682652458	0.9748030509689262	0.8754000712316835	0.9597836637936605	0.9223695814363293	0.6515039732389701	0.9524200001381901	0.9288976227928362	0.9659406882878822	0.2737017505729897	0.7671583577589978	0.09950203381771079	0.6130608753555898	0.9362603583203319	0.7746606168379608	0.677116188625539	0.709331165498984	0.6932236770622615	0.937640343118051	0.7339421469501112	0.8018415456727578	hybrid
DLPFC	hybrid_hvg_svg_intersection	2000	scvi	0	0.6523146833285998	0.6325469661275459	0.8025809990083151	0.4805010984208405	0.6321592011852915	0.9720032392452809	0.6851099711572057	0.9596463770834226	0.8054050038673404	0.7962065364446475	0.7836896047217017	0.7290997748123165	0.2776152279686072	0.8716679909025622	0.7211734094352859	0.7964207001689241	0.5141071317604815	0.7071048729847611	0.6106060023726213	0.8121589612869403	0.7035133512707727	0.7397285546094953	hybrid
DLPFC	hybrid_hvg_svg_intersection	2000	scvi	1	0.6448168134052826	0.5947870619879368	0.7882654679029314	0.4799111104842723	0.6052211898568731	0.9660007954431431	0.6857946741353866	0.9628371799722252	0.8232060718439816	0.7931823781575276	0.7934476066011915	0.7388271815037475	0.29856008644845783	0.8781423932867083	0.7211412570971782	0.7996418251919433	0.49952277943108925	0.7123109278195671	0.6059168536253281	0.8054088044242129	0.7027793394086357	0.7369891610804947	hybrid
DLPFC	hybrid_hvg_svg_intersection	2000	scvi	2	0.6315251349048565	0.6163371453909328	0.7851523596330506	0.4777166533726277	0.5836915823140374	0.9669333469550394	0.614818361505205	0.9597239514470818	0.8013380964391202	0.7877003615240052	0.7722021256751029	0.6964409686934723	0.28311215854891125	0.8659630385610924	0.7129768677422009	0.7894699531516467	0.4943802954179605	0.6556296650993386	0.5750049802586495	0.799229240929948	0.6822374667051481	0.7212347247800813	hybrid
DLPFC	hybrid_hvg_svg_union	2000	cellcharter	0	0.9614314115308152	0.9670044222192317	0.9791085573448428	0.9558068754397758	0.9651920677040526	0.8914150550833133	0.7259429644638744	0.914129562392915	0.942595970144534	0.9890257856772171	0.1957490547985463	0.7923674931508593	0.17751114698499465	0.5549393085957306	0.9666342971515924	0.7607868028736615	0.7032358789694264	0.7591552288073669	0.7311955538883966	0.9264232333070643	0.7459911783810291	0.8061351966897075	hybrid
DLPFC	hybrid_hvg_svg_union	2000	cellcharter	1	0.985969894916217	0.9660005506307331	0.9713909722547991	0.9664961368101543	0.9458466232452727	0.8955873940498241	0.640395547261488	0.9101514283271114	0.9779731943798258	0.9929746044570472	0.18192897390878576	0.690409463156515	0.16917228383763913	0.5460402011179486	0.9772087269754566	0.7616244640467026	0.6936731525712151	0.6654025052090015	0.6795378288901083	0.9407786444830206	0.7205811464684054	0.7939803124732773	hybrid
DLPFC	hybrid_hvg_svg_union	2000	cellcharter	2	0.9578528827037774	0.9517748081205065	0.9753031555289435	0.9724804875518687	0.9642559978108858	0.889954471167511	0.8114880662324035	0.9043209120124268	0.9888527821469891	0.9915672550377925	0.19456153503817536	0.845763043457878	0.16873993669383403	0.5494412235253011	0.9820509200663985	0.7657460717958497	0.6949235808750753	0.8286255548451408	0.761774567860108	0.9239036769356442	0.7637603198279789	0.8171414388638674	hybrid
DLPFC	hybrid_hvg_svg_union	2000	scvi	0	0.6057938085771087	0.5517981642857361	0.775163651968558	0.4851155452313722	0.37796422139076613	0.9299440812239513	0.6331745301838837	0.9242035027235433	0.729595414435792	0.7778779680769398	0.48579294471238826	0.6610705946474731	0.40884434501014627	0.7049982237179658	0.6919381449281655	0.6984681843230657	0.44620224356221616	0.6471225624156784	0.5466624029889473	0.76786894490053	0.6225652936560064	0.6709998440708477	hybrid
DLPFC	hybrid_hvg_svg_union	2000	scvi	1	0.6693552967906845	0.6450426144454676	0.8431330090570857	0.5196982576271713	0.5505131050311739	0.9498398194754138	0.7877487990257013	0.9429770258671242	0.8250158538082143	0.8086898466218977	0.5766381119129739	0.8011926999222696	0.3519873589049056	0.759807568890049	0.7491342417785922	0.7544709053343206	0.515847692793849	0.7944707494739854	0.6551592211339172	0.8095975581330492	0.7048150632341189	0.7397425615337623	hybrid
DLPFC	hybrid_hvg_svg_union	2000	scvi	2	0.5773359840954275	0.5509262807199232	0.7864681158898057	0.4764319232943667	0.4177991956501013	0.9281857390901498	0.6573435139829533	0.9451041821371212	0.7475691605675897	0.7802184734251854	0.33145609453316704	0.6687112595046621	0.3732010494224554	0.6382801383351442	0.6976719182942368	0.6679760283146905	0.44730884193082665	0.6630273867438077	0.5551681143373172	0.7527608615927887	0.6115720713260038	0.658635001414932	hybrid
E8p5Embryo	hybrid_hvg_svg_intersection	2000	cellcharter	0		0.993135789175117			0.9844583840833052			0.8996949372753689			0.044506251289597565		0.23758388967368443	0.4721005942824832		0.4721005942824832	0.7383926876440355		0.7383926876440355		0.6052466409632593		hybrid
E8p5Embryo	hybrid_hvg_svg_intersection	2000	cellcharter	1		1.0019674017685516			0.9960677839152164			0.8869489162312996			0.065876491280904		0.24147461017732838	0.4764127037561018		0.4764127037561018	0.7465032652870321		0.7465032652870321		0.611457984521567		hybrid
E8p5Embryo	hybrid_hvg_svg_intersection	2000	cellcharter	2		0.9895229279377925			0.9893268420555875			0.8894570220503032			0.04693556299474592		0.2465669914464576	0.46819629252252454		0.46819629252252454	0.7418055871466125		0.7418055871466125		0.6050009398345685		hybrid
E8p5Embryo	hybrid_hvg_svg_intersection	2000	scvi	0		0.4607775802362497			0.47664076399126076			0.8233864798509372			0.6222357948819792		0.31439703032327015	0.7228111373664582		0.7228111373664582	0.4172717915169269		0.4172717915169269		0.5700414644416926		hybrid
E8p5Embryo	hybrid_hvg_svg_intersection	2000	scvi	1		0.4684089026062748			0.4973317105700714			0.8296942788916497			0.6251271044423633		0.3034336477459307	0.7274106916670064		0.7274106916670064	0.4230580869740923		0.4230580869740923		0.5752343893205494		hybrid
E8p5Embryo	hybrid_hvg_svg_intersection	2000	scvi	2		0.4392442433855077			0.4429360546931162			0.8023252625754982			0.6236873358268566		0.316028604072767	0.7130062992011774		0.7130062992011774	0.39940296738379694		0.39940296738379694		0.5562046332924871		hybrid
E8p5Embryo	hybrid_hvg_svg_union	2000	cellcharter	0		0.9037900094831853			0.8428986050310981			0.9027656445460324			0.05236613070472138		0.2619679597040836	0.4775658876253769		0.4775658876253769	0.6695521914061223		0.6695521914061223		0.5735590395157496		hybrid
E8p5Embryo	hybrid_hvg_svg_union	2000	cellcharter	1		0.897528064432566			0.8046063103381558			0.9052993013577627			0.05919866975066346		0.2664230818059261	0.4822489855542131		0.4822489855542131	0.6561858188588826		0.6561858188588826		0.5692174022065478		hybrid
E8p5Embryo	hybrid_hvg_svg_union	2000	cellcharter	2		0.8798397262938553			0.7962737571686649			0.9057173877527492			0.05997309094704599		0.27274318381777996	0.4828452393498976		0.4828452393498976	0.6496188890934333		0.6496188890934333		0.5662320642216655		hybrid
E8p5Embryo	hybrid_hvg_svg_union	2000	scvi	0		0.4123751735693517			0.35212058801056534			0.7951214445475296			0.6714896222109948		0.33862579141758364	0.7333055333792622		0.7333055333792622	0.3677071843325002		0.3677071843325002		0.5505063588558812		hybrid
E8p5Embryo	hybrid_hvg_svg_union	2000	scvi	1		0.46585815053599994			0.3825484505339406			0.7928276156351775			0.6680192487373948		0.3534860013423103	0.7304234321862861		0.7304234321862861	0.4006308674707502		0.4006308674707502		0.5655271498285181		hybrid
E8p5Embryo	hybrid_hvg_svg_union	2000	scvi	2		0.42631239045035646			0.3556783072504701			0.8105768105200009			0.6660528599977016		0.3177470754489305	0.7383148352588512		0.7383148352588512	0.36657925771658567		0.36657925771658567		0.5524470464877185		hybrid
E9p5Embryo	hybrid_hvg_svg_intersection	2000	cellcharter	0		0.9845365801033238			0.9585334318094915			0.9957135090218179			0.07175244623080673		0.22153959085107994	0.5337329776263123		0.5337329776263123	0.7215365342546317		0.7215365342546317		0.627634755940472		hybrid
E9p5Embryo	hybrid_hvg_svg_intersection	2000	cellcharter	1		0.9556894780711804			0.9354451422286335			0.9981120295413123			0.07604872012097053		0.20225303301724687	0.5370803748311415		0.5370803748311415	0.6977958844390203		0.6977958844390203		0.6174381296350808		hybrid
E9p5Embryo	hybrid_hvg_svg_intersection	2000	cellcharter	2		0.99125522049183			0.9574251939078371			0.9799317566687996			0.08827458711676511		0.20382361633450027	0.5341031718927823		0.5341031718927823	0.7175013435780558		0.7175013435780558		0.6258022577354191		hybrid
E9p5Embryo	hybrid_hvg_svg_intersection	2000	scvi	0		0.4209483083066556			0.3764314739655389			0.8449420352199364			0.6156876280405146		0.26327472909988836	0.7303148316302255		0.7303148316302255	0.3535515037906943		0.3535515037906943		0.5419331677104599		hybrid
E9p5Embryo	hybrid_hvg_svg_intersection	2000	scvi	1		0.3848871371256437			0.34512375324380323			0.8446794007543482			0.614151663519643		0.2669796641809433	0.7294155321369956		0.7294155321369956	0.3323301848501301		0.3323301848501301		0.5308728584935629		hybrid
E9p5Embryo	hybrid_hvg_svg_intersection	2000	scvi	2		0.40522796435971903			0.3495567048504207			0.8413360145118998			0.6354565334984086		0.24593842853902007	0.7383962740051542		0.7383962740051542	0.33357436591638656		0.33357436591638656		0.5359853199607704		hybrid
E9p5Embryo	hybrid_hvg_svg_union	2000	cellcharter	0		0.8954565576509672			0.7987624676173799			0.9695978118718512			0.002620193221140946		0.2222428984559312	0.4861090025464961		0.4861090025464961	0.6388206412414261		0.6388206412414261		0.5624648218939611		hybrid
E9p5Embryo	hybrid_hvg_svg_union	2000	cellcharter	1		0.9363313905075964			0.8595308459653098			0.9860117744108321			0.0164592779684296		0.2621934682644455	0.5012355261896309		0.5012355261896309	0.6860185682457839		0.6860185682457839		0.5936270472177074		hybrid
E9p5Embryo	hybrid_hvg_svg_union	2000	cellcharter	2		0.9462829948849598			0.8818803102414569			0.9955056709431361			0.02255532102598385		0.253288349230444	0.50903049598456		0.50903049598456	0.6938172181189536		0.6938172181189536		0.6014238570517567		hybrid
E9p5Embryo	hybrid_hvg_svg_union	2000	scvi	0		0.4876685261817516			0.41568156635273873			0.8106942181166771			0.5669736460280467		0.28424510081763565	0.6888339320723619		0.6888339320723619	0.3958650644507087		0.3958650644507087		0.5423494982615353		hybrid
E9p5Embryo	hybrid_hvg_svg_union	2000	scvi	1		0.42803362814017754			0.46084226084515384			0.8113827175134021			0.5667427230137673		0.31154361439922934	0.6890627202635846		0.6890627202635846	0.4001398344615203		0.4001398344615203		0.5446012773625525		hybrid
E9p5Embryo	hybrid_hvg_svg_union	2000	scvi	2		0.4735487936389494			0.41808274839910725			0.8019830832713083			0.5728927807803559		0.2915134676993277	0.6874379320258321		0.6874379320258321	0.39438166991246143		0.39438166991246143		0.5409098009691468		hybrid
MouseBrainSerialSections	hybrid_hvg_svg_intersection	2000	cellcharter	0	0.9168297455968688	0.9819808463796371	0.5949992412064508	0.8405454456820424	0.9919245394113118	0.9820927571624929	0.791905550009712	0.5367925269813737	0.9068385921830767	0.8916966216316358	0.7223869390840489	0.8174536826337421	0.39206388974317086	0.6295897330327114	0.8085199751758014	0.7190548541042564	0.7886564251780399	0.804679616321727	0.7966680207498835	0.9494612513796808	0.75786143742707	0.8217280420779404	hybrid
MouseBrainSerialSections	hybrid_hvg_svg_intersection	2000	cellcharter	1	0.9432485322896282	0.9985924336720999	0.6206757263206003	0.8519598457042448	0.9922342831194908	0.9834983912905132	0.7995047926910105	0.5402061533777218	0.8889125845097469	0.8895157232982633	0.7176175331906578	0.8183621336402777	0.37967008534404106	0.6289118432841898	0.8127659699582138	0.7208389066212018	0.7901656007118772	0.8089334631656441	0.7995495319387607	0.9633734617900707	0.7601942192799812	0.827920633450011	hybrid
MouseBrainSerialSections	hybrid_hvg_svg_intersection	2000	cellcharter	2	0.9344422700587084	0.9939836521731028	0.6606031457826036	0.8519598457042448	0.9945426799980165	0.979451511776854	0.7981097218885782	0.5360711021745861	0.884406352086363	0.891443695087356	0.7124351176104019	0.8055403478255182	0.3878222095085205	0.6242531098924939	0.8221032596651419	0.7231781847788179	0.79211618055988	0.8018250348570481	0.7969706077084641	0.9569468909177812	0.7600743962436409	0.825698561135021	hybrid
MouseBrainSerialSections	hybrid_hvg_svg_intersection	2000	scvi	0	0.8669275929549902	0.8968716097361	0.7767529905147023	0.6513243333113031	0.8473224125003624	0.9783316525859863	0.7334006703208588	0.44424847378349946	0.8069123535110215	0.8555796498895063	0.8377139559622495	0.8423216409727401	0.49334404563155243	0.6409812148728745	0.7726423318066333	0.7068117733397539	0.7458460226226716	0.7878611556467994	0.7668535891347354	0.9226296227704882	0.7368326812372447	0.7987649950816591	hybrid
MouseBrainSerialSections	hybrid_hvg_svg_intersection	2000	scvi	1	0.8365949119373777	0.8879522157171674	0.68242875344273	0.6959406445075103	0.8160654555920176	0.9787836033414614	0.6908294966902071	0.4284429386603734	0.7881950548175282	0.8399035441560196	0.8073454155555027	0.8504904926495279	0.4728032018339864	0.617894177107938	0.7516169992309469	0.6847555881694425	0.7256069577143904	0.7706599946698676	0.748133476192129	0.9076892576394195	0.7164445321807857	0.7801927740003304	hybrid
MouseBrainSerialSections	hybrid_hvg_svg_intersection	2000	scvi	2	0.738747553816047	0.9025171699501646	0.7645492470238969	0.6732785548900075	0.8250422330194787	0.9709093745137095	0.8839237549481423	0.3801647904509938	0.7148618805865533	0.8677792083778779	0.6288995928924116	0.8868392410271646	0.5716701476476168	0.5045321916717027	0.7551172227195839	0.6298247071956433	0.7664098502057534	0.8853814979876535	0.8258956740967034	0.8548284641648782	0.7278601906461734	0.7701829484857416	hybrid
MouseBrainSerialSections	hybrid_hvg_svg_union	2000	cellcharter	0	0.9432485322896282	0.9819686554717711	0.7521771038881512	0.925814940828519	0.9651339155235777	0.9709576498840522	0.8081550221284268	0.5021728060824819	0.8823862586900445	0.9062671793105909	0.6413586069180734	0.8625458697772862	0.4103933091670837	0.5717657065002777	0.8666613706793264	0.719213538589802	0.7858319600541441	0.8353504459528565	0.8105912030035003	0.9571030910868402	0.7649023707966511	0.8289692775600476	hybrid
MouseBrainSerialSections	hybrid_hvg_svg_union	2000	cellcharter	1	0.9579256360078278	0.990915085159984	0.7632953953528016	0.9571437790617406	0.978525057508233	0.96950950254345	0.767995081276883	0.48030314479625497	0.8366136664408982	0.9123447918801563	0.6132390595636509	0.8461333249702937	0.41979027794342844	0.546771102179953	0.8673494081838992	0.7070602551819261	0.7964101402038818	0.8070642031235884	0.8017371716637351	0.9637175692756389	0.7543987134228306	0.8241716653737666	hybrid
MouseBrainSerialSections	hybrid_hvg_svg_union	2000	cellcharter	2	0.9657534246575342	0.9974419498226588	0.6784071111986815	0.895802494396293	0.9766940271231741	0.9767488856666221	0.7147370695437228	0.4944590498025144	0.8609326748172117	0.9015378801565077	0.6758889082645644	0.850331543022218	0.39690552924998124	0.5851739790335394	0.8341700401421734	0.7096720095878564	0.790347168731938	0.7825343062829704	0.7864407375074542	0.9712511551620782	0.7480563735476553	0.8224546340857962	hybrid
MouseBrainSerialSections	hybrid_hvg_svg_union	2000	scvi	0	0.6125244618395304	0.6602337190697515	0.47121620168199546	0.5417738424585311	0.4541580022942724	0.8656648255014902	0.4257745706644858	0.5794387665797008	0.41621794798635153	0.8967916561107389	0.07762458856226875	0.4912396694555564	0.5653830618425874	0.3285316775709848	0.5814999120594043	0.45501579481519455	0.559924927735537	0.45850712006002114	0.5092160238977791	0.7390946436705103	0.48211590935648685	0.5677754874611614	hybrid
MouseBrainSerialSections	hybrid_hvg_svg_union	2000	scvi	1	0.49706457925636005	0.6413478238057116	0.27904724984027146	0.5462071678972236	0.46589262901771006	0.8407030779815543	0.44524185080416995	0.4888566592633408	0.40266417539803073	0.8375024127395838	0.18797977724219242	0.4857860166928099	0.5232419816125621	0.33841821825276663	0.5163552514687774	0.427386734860772	0.5434941448119947	0.4655139337484899	0.5045040392802422	0.6688838286189571	0.46594538707050714	0.5335915342533238	hybrid
MouseBrainSerialSections	hybrid_hvg_svg_union	2000	scvi	2	0.6555772994129158	0.679533323637658	0.23507491405467634	0.5186901456312795	0.44218965492322165	0.8167820867455943	0.3283583354694245	0.5247731782206291	0.4101748832058932	0.8852736520702381	0.006002376045684311	0.44451996985664183	0.574512666253589	0.2653877771331567	0.5123033987405218	0.3888455879368392	0.5654118816048228	0.3864391526630332	0.475925517133928	0.736179693079255	0.4323855525353836	0.5336502660500074	hybrid
STOmics0212	hybrid_hvg_svg_intersection	2000	cellcharter	0		1.001595754091307	0.41194085701993843	0.8360979412360463	0.9781665828638313		0.8710147534769287	0.122705114806166	0.7477762786633647	0.9806394471332754	0.009215944008948873	0.9491758193682186	0.24236296591181786	0.06596052940755744	0.7441136310131563	0.4050370802103569	0.7407084342889854	0.9100952864225736	0.8254018603557796		0.6152194702830682		hybrid
STOmics0212	hybrid_hvg_svg_intersection	2000	cellcharter	1		0.9822496600511519	0.5527738131673975	0.7724199767900172	0.9594443154258365		0.8073837673642672	0.18526444264895153	0.7217574810293892	0.9700514827562466	0.01827219015134566	0.7797735529112433	0.2239122791399202	0.10176831640014859	0.7542506884357626	0.4280095024179556	0.7218687515389695	0.7935786601377552	0.7577237058383623		0.592866604128159		hybrid
STOmics0212	hybrid_hvg_svg_intersection	2000	cellcharter	2		0.9928997282950125	0.42383991170289326	0.7944091249268265	0.9635038819689723		0.8560589470128522	0.16555022412941184	0.721971287382261	0.9722604624323201	0.01616000243627423	0.8941187135713761	0.23320473762237437	0.09085511328284304	0.7281201966110752	0.4094876549469591	0.729869449295453	0.8750888302921142	0.8024791397937836		0.6059833973703713		hybrid
STOmics0212	hybrid_hvg_svg_intersection	2000	scvi	0		0.8171471665836886	0.949773525647906	0.464673321682245	0.7946070686231663		0.7076790790715823	0.5620089059620866	0.6701395953209731	0.8273920280729804	0.17078880942144387	0.7032731824289202	0.26756036608083383	0.3663988576917653	0.7279946176810261	0.5471967376863958	0.6264382004292296	0.7054761307502513	0.6659571655897405		0.6065769516380681		hybrid
STOmics0212	hybrid_hvg_svg_intersection	2000	scvi	1		0.8241518954635026	0.9340847848726834	0.4354468563209636	0.7480811489819942		0.5614028736412002	0.5792961235397923	0.6632595505814854	0.8221061750626492	0.17756290356772994	0.6708090903960041	0.2716771752413034	0.37842951355376114	0.7137243417094454	0.5460769276316033	0.6146367398956002	0.6161059820186021	0.6153713609571012		0.5807241442943523		hybrid
STOmics0212	hybrid_hvg_svg_intersection	2000	scvi	2		0.7767958011722552	0.8643438216194496	0.42291302364329364	0.7140200788858742		0.581533152404967	0.5650654747827557	0.6963494009962425	0.8126290701420488	0.18015044638255	0.6334255509815969	0.27603541099744006	0.3726079605826529	0.6990588291002586	0.5358333948414558	0.5889504303518565	0.6074793516932819	0.5982148910225692		0.5670241429320124		hybrid
STOmics0212	hybrid_hvg_svg_union	2000	cellcharter	0		0.970115246214883	0.6920904403857115	0.8872153940965798	0.9198220809217263		0.586266087458218	0.287447202118055	0.6676413266673122	0.9704602533649979	0.02348702438626468	0.7347473982024139	0.20388002506831734	0.15546711325215984	0.8043518536286502	0.47990948344040507	0.6979391174016422	0.660506742830316	0.6792229301159791		0.5795662067781922		hybrid
STOmics0212	hybrid_hvg_svg_union	2000	cellcharter	1		0.9679657969974356	0.6783782348335521	0.847651438972904	0.9146760766525327		0.690205720468362	0.2734975185005173	0.6501916976069806	0.9664638074424161	0.024217913301741077	0.7192084516384024	0.19443944815601177	0.14885771590112917	0.7856712947139632	0.4672645053075462	0.6923604406019934	0.7047070860533822	0.6985337633276878		0.582899134317617		hybrid
STOmics0212	hybrid_hvg_svg_union	2000	cellcharter	2		0.9573958446454326	0.785452486197123	0.844696942351763	0.9213818304121286		0.5687436473055603	0.34376682370932593	0.680849529163125	0.9629587814614735	0.0317459805974449	0.7222207692445564	0.2094630600820268	0.1877564021533854	0.8184894347933711	0.5031229184733783	0.6960802450465294	0.6454822082750583	0.6707812266607939		0.586952072567086		hybrid
STOmics0212	hybrid_hvg_svg_union	2000	scvi	0		0.8013117722620404	0.698871410581604	0.44797780581661756	0.7169827477300118		0.5653706012777221	0.47377725787440195	0.5976896821141305	0.7138614069622641	0.2712549898008583	0.5944020184974161	0.3463951644931941	0.3725161238376301	0.614600076368654	0.49355810010314205	0.6215632281617488	0.5798863098875691	0.6007247690246589		0.5471414345639005		hybrid
STOmics0212	hybrid_hvg_svg_union	2000	scvi	1		0.8141161332280388	0.7278338129577558	0.5060327293300895	0.6127570769978751		0.49865353983543304	0.5878545976958252	0.6830106542019192	0.7613965313816347	0.2730548994298286	0.5530722428741136	0.296867172610207	0.43045474856282684	0.6695684319678498	0.5500115902653383	0.5745801276120402	0.5258628913547734	0.5502215094834069		0.5501165498743725		hybrid
STOmics0212	hybrid_hvg_svg_union	2000	scvi	2		0.8186061551901526	0.7164413832584688	0.5131205353008198	0.7211184214962897		0.6276367238165278	0.5018466353261912	0.6387214012770969	0.760781300314933	0.26470528638034607	0.6197483197474084	0.3629914124683077	0.38327596085326865	0.6572661550378296	0.5202710579455492	0.6342386630515833	0.6236925217819681	0.6289655924167756		0.5746183251811624		hybrid
STOmics0218	hybrid_hvg_svg_intersection	2000	cellcharter	0		1.0004766890510948	0.963249283459282	0.6331081314476682	0.9821778648100853		0.6399628904593421	0.8144654375446995	0.8816025935125004	0.9027684406475848	0.5486183046407633	0.8709188191087627	0.23523471073963953	0.6815418710927315	0.8451821122667589	0.7633619916797452	0.7392964215336065	0.7554408547840523	0.7473686381588294		0.7553653149192873		hybrid
STOmics0218	hybrid_hvg_svg_intersection	2000	cellcharter	1		0.9977378884145355	0.9078978508270062	0.6607996304819708	0.9806629833456711		0.5983324757621101	0.8245543547001195	0.9022331160925624	0.9234277182239042	0.490110549941255	0.8443823272344727	0.22142892247858664	0.6573324523206873	0.8485895789063609	0.752961015613524	0.7332765980795978	0.7213574014982914	0.7273169997889446		0.7401390077012343		hybrid
STOmics0218	hybrid_hvg_svg_intersection	2000	cellcharter	2		0.988107906141296	0.9706543670553138	0.6350251668826098	0.9842274103836541		0.5962080887943402	0.8290507485453766	0.9295137932535106	0.916737932802066	0.5361126767486966	0.8346550762000073	0.23933382765208006	0.6825817126470366	0.862982814998375	0.7727822638227058	0.73722304805901	0.7154315824971738	0.7263273152780918		0.7495547895503988		hybrid
STOmics0218	hybrid_hvg_svg_intersection	2000	scvi	0		0.8987028210512563	0.7206252356657523	0.42744438065743723	0.8961860630800498		0.6435708549676703	0.7449312103333552	0.8015878290192758	0.8057991216603002	0.8987976597539983	0.9322035275526005	0.2986325855664601	0.8218644350436768	0.6888641417506913	0.7553642883971841	0.6978404898992553	0.7878871912601354	0.7428638405796953		0.7491140644884398		hybrid
STOmics0218	hybrid_hvg_svg_intersection	2000	scvi	1		0.8907047745563555	0.7826750446998291	0.46687417449409735	0.891997861283691		0.6151567113661469	0.7678419178310283	0.7634335711034647	0.7930914389872885	0.9047689406161807	0.9437547989977894	0.29697750061602135	0.8363054292236045	0.7015185573211699	0.7689119932723871	0.6932267121520227	0.7794557551819681	0.7363412336669954		0.7526266134696913		hybrid
STOmics0218	hybrid_hvg_svg_intersection	2000	scvi	2		0.8920791234755938	0.7302919224574227	0.4515054382420492	0.8459276420583198		0.5746877706600555	0.757369594140846	0.809538220602517	0.8086579994050646	0.9020761206493817	0.8881482878964455	0.33035470458023264	0.8297228573951139	0.6999983951767634	0.7648606262859386	0.6894538233713821	0.7314180292782505	0.7104359263248163		0.7376482763053775		hybrid
STOmics0218	hybrid_hvg_svg_union	2000	cellcharter	0		0.9930880432134399	0.9623472627986396	0.6510311464750276	0.9803956513980088		0.7092770580863548	0.8040829689334112	0.9549855469112882	0.9358657976928091	0.4105176963369478	0.9016192357126561	0.2610374964810235	0.6073003326351796	0.8760574384694412	0.7416788855523104	0.7448403970308242	0.8054481468995054	0.7751442719651648		0.7584115787587375		hybrid
STOmics0218	hybrid_hvg_svg_union	2000	cellcharter	1		0.9944814445668746	0.9727889880403374	0.6303527778934217	0.9730885759166862		0.618230428585787	0.8111400326873859	0.9521273504093319	0.9312636438308801	0.46376487335899796	0.8554128836853934	0.25526321514868067	0.637452453023192	0.8716331900434928	0.7545428215333424	0.7409444118774138	0.7368216561355903	0.738883034006502		0.7467129277699223		hybrid
STOmics0218	hybrid_hvg_svg_union	2000	cellcharter	2		0.9888416163597364	0.9730890862507946	0.5714821242655724	0.9784352164736606		0.6358322057658956	0.8230443372903877	0.9545902617501179	0.9149942999850357	0.4906764264236976	0.8764002107281177	0.2454384040311256	0.6568603818570427	0.8535389430628801	0.7551996624599614	0.7375717456215075	0.7561162082470066	0.7468439769342571		0.7510218196971092		hybrid
STOmics0218	hybrid_hvg_svg_union	2000	scvi	0		0.853506703636391	0.764235246304067	0.4106295008812487	0.8535020494873049		0.6223429923639037	0.7488970209741066	0.7830241793501845	0.8070567940748526	0.8554572784903444	0.9355749637960277	0.3161333241092655	0.8021771497322254	0.6912364301525883	0.7467067899424069	0.6743806924109871	0.7789589780799657	0.7266698352454763		0.7366883125939416		hybrid
STOmics0218	hybrid_hvg_svg_union	2000	scvi	1		0.8758928154313891	0.7895439779868082	0.4511963583693026	0.8158082337477363		0.5570021658350286	0.7729517739043803	0.7936965871589149	0.8126557514075975	0.8612159597697987	0.8809257478588384	0.3308255877082778	0.8170838668370894	0.7117731687306558	0.7644285177838726	0.6741755456291344	0.7189639568469335	0.696569751238034		0.7304991345109533		hybrid
STOmics0218	hybrid_hvg_svg_union	2000	scvi	2		0.8766395862384998	0.7866841071619212	0.4206575208974214	0.8121546960605325		0.6544174103354023	0.7694151001515621	0.7917166470293486	0.8228742798168668	0.850802823546838	0.9337788617021139	0.32684258011252804	0.8101089618492001	0.7054831387263896	0.7577960502877948	0.6718789541371867	0.7940981360187581	0.7329885450779724		0.7453922976828836		hybrid
STOmics0224	hybrid_hvg_svg_intersection	2000	cellcharter	0		0.9680611984190558	0.8210836146196425	0.42500000008500005	0.9421023563675296		0.6557946908816147	0.7610611904782881	0.9414563120968008	0.6231464117976028	0.20089700979650743	0.7853603744821412	0.13167519807981434	0.48097910013739775	0.7026715846497615	0.5918253423935796	0.6806129176221333	0.720577532681878	0.7005952251520056		0.6462102837727925		hybrid
STOmics0224	hybrid_hvg_svg_intersection	2000	cellcharter	1		0.9440125148409412	0.8433316081068075	0.7798165137809634	0.9224963180752025		0.6606266571301874	0.7581456044381261	0.9465618996422333	0.6530572223360175	0.17351515602827056	0.9001442431000198	0.11118243935417708	0.46583038023319834	0.8056918109665054	0.6357610955998518	0.6592304240901069	0.7803854501151036	0.7198079371026053		0.6777845163512286		hybrid
STOmics0224	hybrid_hvg_svg_intersection	2000	cellcharter	2		0.9504554445953912	0.8105990186546468	0.30670103118634023	0.9402614138785075		0.6724088140527261	0.7897104755806618	0.9351756862250703	0.5707068986609929	0.22563805357218586	0.7325553427968868	0.1300658319528715	0.5076742645764238	0.6557956586817626	0.5817349616290932	0.6735942301422568	0.7024820784248065	0.6880381542835317		0.6348865579563124		hybrid
STOmics0224	hybrid_hvg_svg_intersection	2000	scvi	0		0.3197622786448309	0.5804067899156211	0.20481927721596385	0.358063328363699		0.5989475865390381	0.9092361876284992	0.8809711648798348	0.40277242515599665	0.8327782028940782	0.5928598155217186	0.2711131425969365	0.8710071952612888	0.5172424142918541	0.6941248047765715	0.3163129165351555	0.5959037010303784	0.4561083087827669		0.5751165567796692		hybrid
STOmics0224	hybrid_hvg_svg_intersection	2000	scvi	1		0.29615153404317024	0.5785718468811887	0.3449275363439855	0.3229013254537151		0.6159775928127235	0.9084297083903559	0.9005308298016296	0.39184649336903876	0.8558643124280756	0.5597407298323785	0.2385274438499156	0.8821470104092157	0.5539691765989606	0.7180580935040881	0.2858601011156003	0.587859161322551	0.4368596312190757		0.577458862361582		hybrid
STOmics0224	hybrid_hvg_svg_intersection	2000	scvi	2		0.3533586763721757	0.5970516121299814	0.170000000034	0.32814801175729563		0.428703465879398	0.8901554688752527	0.8859098435019377	0.37358479323954474	0.8421529264374417	0.4181822269402217	0.24001453446972518	0.8661541976563472	0.506636562226366	0.6863953799413566	0.3071737408663988	0.4234428464098099	0.36530829363810435		0.5258518367897305		hybrid
STOmics0224	hybrid_hvg_svg_union	2000	cellcharter	0		0.960174640497527	0.7810569301850113	0.4911111113982222	0.9317010309621393		0.5304345596977551	0.6759129691610815	0.8111361390852567	0.8792399748307054	0.05722074969157467	0.765914051346305	0.21139136459220637	0.36656685942632805	0.7406360388747989	0.5536014491505634	0.7010890120172909	0.64817430552203	0.6746316587696605		0.6141165539601119		hybrid
STOmics0224	hybrid_hvg_svg_union	2000	cellcharter	1		0.9786932849599574	0.8135201700334781	0.5895953758429191	0.9432069219051255		0.6553298128698599	0.6170835352678017	0.8511902151332856	0.9141665195974659	0.030482490313406784	0.722285691804538	0.24542466470818056	0.32378301279060423	0.7921180701517871	0.5579505414711957	0.7224416238577546	0.6888077523371989	0.7056246880974768		0.6317876147843362		hybrid
STOmics0224	hybrid_hvg_svg_union	2000	cellcharter	2		0.9762766399612888	0.7367899710829904	0.46504559279300917	0.9494661266549878		0.5575013510404904	0.6316520193237073	0.81143418103156	0.8791505401373404	0.0432215528709407	0.7656364655350167	0.20310750145335174	0.33743678609732397	0.723105071261225	0.5302709286792745	0.7096167560232094	0.6615689082877536	0.6855928321554815		0.607931880417378		hybrid
STOmics0224	hybrid_hvg_svg_union	2000	scvi	0		0.5752204773295874	0.5023436567717575	0.1902985074880597	0.46051178197571846		0.6776152642242304	0.7547846038573277	0.6084840440353567	0.6247835430962435	0.6439697687837794	0.8883787290968569	0.5419302094404115	0.6993771863205536	0.48147743784785435	0.590427312084204	0.5258874895819058	0.7829969966605437	0.6544422431212247		0.6224347776027144		hybrid
STOmics0224	hybrid_hvg_svg_union	2000	scvi	1		0.5612328841217232	0.541773026919375	0.2748756218799751	0.5246686303580512		0.7345025276544084	0.8425848376211024	0.7914433520600824	0.6121408402429004	0.6799899069841427	0.9707234423476023	0.44877325370244736	0.7612873723026226	0.5550582102755832	0.6581727912891029	0.5115582560607406	0.8526129850010054	0.682085620530873		0.6701292059099879		hybrid
STOmics0224	hybrid_hvg_svg_union	2000	scvi	2		0.5247629806209188	0.5560089761167739	0.2978436656845687	0.42019513985346824		0.6360375179594681	0.7826607274205971	0.7362940773651917	0.6032437955466405	0.6969924928186942	0.807363424619766	0.49956252210201657	0.7398266101196457	0.5483476286782937	0.6440871193989697	0.4815068808588012	0.721700471289617	0.6016036760742092		0.6228453977365894		hybrid
