fs_method	integration_method	task	NRuns	RuntimeMedianSeconds	RuntimeIQRSeconds	RuntimeMaximumSeconds	PeakMemoryMedianGiB	PeakMemoryMaximumGiB
Brennecke	cellcharter	alignment_eval	18	50.63161584505	20.284969229699996	192.1670436971	18.12832260131836	28.215450286865234
Brennecke	cellcharter	clustering_eval	63	59.3865839103	30.608813658349995	234.6880787909	15.212940216064453	52.16213607788086
Brennecke	cellcharter	integration_eval	63	61.5903302878	32.134988428149995	235.16201906	15.212940216064453	52.16096496582031
Brennecke	scvi	alignment_eval	18	31.5745129441	11.3743309316	153.5570905162	18.12832260131836	28.215450286865234
Brennecke	scvi	clustering_eval	63	37.9803275727	30.884254484450004	214.8976304391	15.100360870361328	51.269073486328125
Brennecke	scvi	integration_eval	63	39.7319932636	31.643904076000005	215.0728935553	15.100360870361328	51.269073486328125
TFs	cellcharter	alignment_eval	6	28.2268978073	15.581205361525	36.2600794937	10.952974319458008	18.190723419189453
TFs	cellcharter	clustering_eval	21	37.4171420662	15.538754474300003	47.8708245941	9.440155029296875	30.044193267822266
TFs	cellcharter	integration_eval	21	38.5168264611	17.7384415241	48.0589064322	9.440155029296875	30.044193267822266
TFs	scvi	alignment_eval	6	12.167500438600001	12.872896437499998	19.0354350312	10.952974319458008	18.190723419189453
TFs	scvi	clustering_eval	21	19.5861079842	14.306925856500001	26.1820488293	9.440155029296875	30.044193267822266
TFs	scvi	integration_eval	21	21.2870422015	15.0402790075	26.7699823901	9.440155029296875	30.044193267822266
all_features	cellcharter	alignment_eval	6	197.47065143895	264.95895927052504	333.3716105204	10.952974319458008	18.190723419189453
all_features	cellcharter	clustering_eval	21	237.6170338234	251.6882959343	368.7813272607	9.440155029296875	30.044193267822266
all_features	cellcharter	integration_eval	21	237.7647726163	253.1269732341	371.1059908923	9.440155029296875	30.044193267822266
all_features	scvi	alignment_eval	6	176.7108671181	254.43588767760002	315.778775081	10.952974319458008	16.949851989746094
all_features	scvi	clustering_eval	21	215.6559046526	241.0149960583	342.4556715442	9.041057586669922	27.021846771240234
all_features	scvi	integration_eval	21	215.7881142478	242.13131435399998	343.5930058938	9.041057586669922	27.021846771240234
anticor	cellcharter	alignment_eval	18	74.23611705795	74.03760149120001	268.6601867182	21.172718048095703	33.37644577026367
anticor	cellcharter	clustering_eval	63	72.0930650411	26.493595177749988	268.9734571567	19.237171173095703	57.64524459838867
anticor	cellcharter	integration_eval	63	74.2279356923	27.61541605135001	272.1574181765	19.237171173095703	57.64524459838867
anticor	scvi	alignment_eval	18	56.83147339475	70.68996850102499	240.0828667749	21.172718048095703	33.37644577026367
anticor	scvi	clustering_eval	63	51.2842365457	20.64084758565	240.9990136856	19.237171173095703	57.64524459838867
anticor	scvi	integration_eval	63	52.9134250013	22.272183419650005	243.5091650318	19.237171173095703	57.64524459838867
dubstepr	cellcharter	alignment_eval	18	426.34985450839997	452.079613759375	657.0647674156	12.920429229736328	19.575923919677734
dubstepr	cellcharter	clustering_eval	63	203.9198935432	270.43377871300004	657.5860585654	12.068828582763672	39.47893142700195
dubstepr	cellcharter	integration_eval	63	204.648302665	272.13793645100003	657.6901716255	12.068828582763672	39.47893142700195
dubstepr	scvi	alignment_eval	18	411.79534666334996	450.9062279586	641.3790263245	12.920429229736328	19.422889709472656
dubstepr	scvi	clustering_eval	63	187.6017235806	271.7477081008	641.8027319489	12.068828582763672	39.47893142700195
dubstepr	scvi	integration_eval	63	188.035910896	273.34450743675	642.1280046171	12.068828582763672	39.47893142700195
hotspot	cellcharter	alignment_eval	18	66.38338570855001	70.81941216832502	262.2233003406	21.05475616455078	28.215450286865234
hotspot	cellcharter	clustering_eval	63	64.6264715586	33.129407339749996	262.5246305764	16.99081802368164	57.64524459838867
hotspot	cellcharter	integration_eval	63	66.6537553295	34.26784777555	265.1817946797	16.99081802368164	57.64524459838867
hotspot	scvi	alignment_eval	18	47.0907152905	67.1740259202	232.49289014	21.05475616455078	28.215450286865234
hotspot	scvi	clustering_eval	63	44.4526147144	27.13508307	233.3308947971	16.764251708984375	57.64524459838867
hotspot	scvi	integration_eval	63	45.6825131243	27.74374153465	235.9302643854	16.764251708984375	57.64524459838867
morans_i	cellcharter	alignment_eval	18	39.2143901163	84.203619583525	254.0959945638	3.490011215209961	9.355518341064453
morans_i	cellcharter	clustering_eval	63	42.1891181646	42.83789237495	254.4441304253	3.8883056640625	18.359764099121094
morans_i	cellcharter	integration_eval	63	44.2743146056	42.625164927899995	256.5924959462	3.888275146484375	18.35974884033203
morans_i	scvi	alignment_eval	18	22.045812875499998	83.16469468357501	234.1439410206	3.3292198181152344	9.065147399902344
morans_i	scvi	clustering_eval	63	25.0349049661	38.95659366665	234.9776364146	3.478832244873047	17.918556213378906
morans_i	scvi	integration_eval	63	26.8371769851	38.5414332072	236.7290805671	3.4786415100097656	17.918556213378906
nbumi	cellcharter	alignment_eval	18	79.0682511986	62.38228907625	234.0147171235	13.707880020141602	20.269981384277344
nbumi	cellcharter	clustering_eval	63	85.5719338302	28.966302670550007	234.4912229162	13.447502136230469	39.47893142700195
nbumi	cellcharter	integration_eval	63	87.6205027271	31.09179840329999	237.0735347997	13.447502136230469	39.47893142700195
nbumi	scvi	alignment_eval	18	62.92243222895	58.81645820914999	217.5584380282	13.707880020141602	20.070789337158203
nbumi	scvi	clustering_eval	63	67.4167415034	27.227290402199998	218.5143254148	13.447502136230469	39.47893142700195
nbumi	scvi	integration_eval	63	68.6135803973	28.455470699849997	220.253103029	13.447502136230469	39.47893142700195
nnsvg	cellcharter	alignment_eval	18	41.14559300475	95.12868392932499	189.4986930648	5.0386199951171875	10.03200912475586
nnsvg	cellcharter	clustering_eval	63	44.562649535	54.546693862850006	189.8192220526	5.074291229248047	21.95983123779297
nnsvg	cellcharter	integration_eval	63	46.6804289203	54.599923216700006	191.9273188608	5.074291229248047	21.95983123779297
nnsvg	scvi	alignment_eval	18	22.614886462199998	88.8909952506	157.3096156949	4.851631164550781	9.71414566040039
nnsvg	scvi	clustering_eval	63	26.0923452992	45.89950921575	158.1506311372	4.977027893066406	19.620868682861328
nnsvg	scvi	integration_eval	63	27.5851114048	45.2267796714	160.0158422925	4.977027893066406	19.620868682861328
osca	cellcharter	alignment_eval	18	65.81995484974999	29.206544985300013	219.252313613	14.709182739257812	20.607837677001953
osca	cellcharter	clustering_eval	63	68.7656397885	33.34981116650001	220.6067670882	13.616741180419922	40.870662689208984
osca	cellcharter	integration_eval	63	69.0442015603	34.31742553085	223.8353353068	13.616741180419922	40.870662689208984
osca	scvi	alignment_eval	18	46.44797415375	27.576799334700002	194.9870497258	14.709182739257812	20.607837677001953
osca	scvi	clustering_eval	63	49.5582268797	32.624959540599995	196.9678633083	13.616741180419922	40.27519607543945
osca	scvi	integration_eval	63	50.1180648487	33.34755602569999	198.4827490114	13.616741180419922	40.27519607543945
random	cellcharter	alignment_eval	6	25.83546090965	12.338089552425	32.4686918631	10.952974319458008	18.190723419189453
random	cellcharter	clustering_eval	21	34.860715514	14.4035708225	42.5900959307	9.440155029296875	30.044193267822266
random	cellcharter	integration_eval	21	36.7443762422	15.733623657399999	43.9987432295	9.440155029296875	30.044193267822266
random	scvi	alignment_eval	6	10.3026092914	9.739809724225001	15.60348156	10.952974319458008	18.190723419189453
random	scvi	clustering_eval	21	17.4000929734	12.708109266100001	23.6041022912	9.440155029296875	30.044193267822266
random	scvi	integration_eval	21	18.1980864722	13.277907393	23.8739922866	9.440155029296875	30.044193267822266
scPNMF	cellcharter	alignment_eval	18	2590.21663852825	516.1665514419501	3194.6793563887	18.97283935546875	28.215450286865234
scPNMF	cellcharter	clustering_eval	63	2794.7170045581	3710.53227871375	8980.0703848749	15.971973419189453	55.83438491821289
scPNMF	cellcharter	integration_eval	63	2795.3459456339	3712.7982074087504	8982.3554149903	15.971973419189453	55.83438491821289
scPNMF	scvi	alignment_eval	18	2573.76765882455	509.6555269579003	3165.5539049739	18.97283935546875	28.215450286865234
scPNMF	scvi	clustering_eval	63	2780.71290961	3714.2026817300502	8960.8457658309	15.971973419189453	55.32988357543945
scPNMF	scvi	integration_eval	63	2781.2706553191	3715.6832787212506	8962.366558414	15.971973419189453	55.32988357543945
scanpy_cell_ranger	cellcharter	alignment_eval	18	32.0977533711	20.99579931285	158.1134157516	9.569143295288086	18.190723419189453
scanpy_cell_ranger	cellcharter	clustering_eval	63	40.4750116961	13.996396985399997	160.2673795437	8.967575073242188	30.044193267822266
scanpy_cell_ranger	cellcharter	integration_eval	63	42.0720066139	14.921595770899998	160.8617298221	8.967575073242188	30.044193267822266
scanpy_cell_ranger	scvi	alignment_eval	18	14.2073560506	19.2148903573	112.5842297776	9.569143295288086	18.190723419189453
scanpy_cell_ranger	scvi	clustering_eval	63	21.7529346505	13.3706263029	137.1624240279	8.967575073242188	30.044193267822266
scanpy_cell_ranger	scvi	integration_eval	63	23.1868061544	13.042904387699998	137.3637025263	8.967575073242188	30.044193267822266
scanpy_cell_ranger_batch	cellcharter	alignment_eval	18	32.82193015235	21.7115507247	155.8990397844	10.951196670532227	18.190723419189453
scanpy_cell_ranger_batch	cellcharter	clustering_eval	63	41.3084748015	16.446802182600003	163.6896348177	9.290813446044922	37.58883285522461
scanpy_cell_ranger_batch	cellcharter	integration_eval	63	43.1077301214	16.18972743815	164.1203491352	9.290813446044922	37.58883285522461
scanpy_cell_ranger_batch	scvi	alignment_eval	18	15.8713183715	19.784569551	138.7405790016	10.951196670532227	18.190723419189453
scanpy_cell_ranger_batch	scvi	clustering_eval	63	23.0252379347	13.06441712985	142.3634147467	9.290813446044922	37.58883285522461
scanpy_cell_ranger_batch	scvi	integration_eval	63	23.9103667233	13.116752489499998	142.5845488682	9.290813446044922	37.58883285522461
scanpy_pearson	cellcharter	alignment_eval	18	34.38474827585	22.904140433500004	168.7646817714	11.495689392089844	18.190723419189453
scanpy_pearson	cellcharter	clustering_eval	63	41.6234940263	16.468378704049996	196.5685841963	10.126487731933594	39.47893142700195
scanpy_pearson	cellcharter	integration_eval	63	42.9208327793	17.560368543500005	196.9834702993	10.126487731933594	39.47893142700195
scanpy_pearson	scvi	alignment_eval	18	17.699302384200003	21.495107551125002	148.7876809482	11.495689392089844	18.190723419189453
scanpy_pearson	scvi	clustering_eval	63	22.6025324957	15.217405423950002	171.9362223474	10.126487731933594	39.47893142700195
scanpy_pearson	scvi	integration_eval	63	23.5642529763	16.513848070500003	172.1296668369	10.126487731933594	39.47893142700195
scanpy_pearson_batch	cellcharter	alignment_eval	18	33.7459524409	16.63558254085	130.3181907739	11.584074020385742	18.190723419189453
scanpy_pearson_batch	cellcharter	clustering_eval	63	39.9132739343	12.605466680600003	162.3360297261	10.713623046875	39.47893142700195
scanpy_pearson_batch	cellcharter	integration_eval	63	41.469114895	11.969313033350005	162.7475143317	10.713623046875	39.47893142700195
scanpy_pearson_batch	scvi	alignment_eval	18	15.9646052746	15.356823694875	109.8592441445	11.584074020385742	18.190723419189453
scanpy_pearson_batch	scvi	clustering_eval	63	22.3475707332	12.8619785472	138.4796142578	10.713623046875	39.47893142700195
scanpy_pearson_batch	scvi	integration_eval	63	23.5143002626	12.509132823000002	138.6038043341	10.713623046875	39.47893142700195
scanpy_seurat	cellcharter	alignment_eval	18	32.2647889708	19.438707713450004	144.8514737552	3.8931713104248047	18.190723419189453
scanpy_seurat	cellcharter	clustering_eval	63	38.556547787	13.855946645149999	173.6519243121	4.225975036621094	30.044193267822266
scanpy_seurat	cellcharter	integration_eval	63	41.0729616992	13.868860134850003	174.1489033801	4.225975036621094	30.044193267822266
scanpy_seurat	scvi	alignment_eval	18	14.3762603933	17.224686163975	124.9241579939	3.8931713104248047	18.190723419189453
scanpy_seurat	scvi	clustering_eval	63	20.7936281059	12.578215883099997	155.6448233509	4.225975036621094	30.044193267822266
scanpy_seurat	scvi	integration_eval	63	22.2808726579	13.119792182000001	155.8220723448	4.225975036621094	30.044193267822266
scanpy_seurat_batch	cellcharter	alignment_eval	18	36.4145744839	24.047546634175003	142.7428529486	5.356227874755859	18.190723419189453
scanpy_seurat_batch	cellcharter	clustering_eval	63	41.5936602307	13.879512975949993	168.9963689381	5.6064453125	30.044193267822266
scanpy_seurat_batch	cellcharter	integration_eval	63	42.9511949802	15.277423744999993	169.2392751575	5.6064453125	30.044193267822266
scanpy_seurat_batch	scvi	alignment_eval	18	17.6965030306	22.032142591175	123.7682819124	5.356227874755859	18.190723419189453
scanpy_seurat_batch	scvi	clustering_eval	63	22.5474104369	12.934553734049999	148.4264087221	5.487270355224609	30.044193267822266
scanpy_seurat_batch	scvi	integration_eval	63	23.0344587732	12.851635117049998	148.6101702582	5.487270355224609	30.044193267822266
scanpy_seurat_v3	cellcharter	alignment_eval	18	32.04557039215	34.088017950025	162.3669082448	7.154644012451172	18.190723419189453
scanpy_seurat_v3	cellcharter	clustering_eval	63	40.3773506237	16.402867796399995	162.8547002394	7.154644012451172	30.044193267822266
scanpy_seurat_v3	cellcharter	integration_eval	63	42.3321863404	17.290426233799998	165.5546289803	7.154644012451172	30.044193267822266
scanpy_seurat_v3	scvi	alignment_eval	18	15.8940399182	32.047374905575	141.8327213861	7.154644012451172	18.190723419189453
scanpy_seurat_v3	scvi	clustering_eval	63	21.8738883473	14.299542787450001	142.6616398394	7.154644012451172	30.044193267822266
scanpy_seurat_v3	scvi	integration_eval	63	22.4933354501	13.237417685799997	144.3336558836	7.154644012451172	30.044193267822266
scanpy_seurat_v3_batch	cellcharter	alignment_eval	18	32.3514117179	22.48600438725	169.7087415243	8.161090850830078	18.190723419189453
scanpy_seurat_v3_batch	cellcharter	clustering_eval	63	39.3640722819	14.37608733775	170.0390900783	8.161090850830078	30.044193267822266
scanpy_seurat_v3_batch	cellcharter	integration_eval	63	41.4525722302	14.418606972300005	172.4583150204	8.161090850830078	30.044193267822266
scanpy_seurat_v3_batch	scvi	alignment_eval	18	15.228211470849999	20.44411628015	150.8900169972	8.161090850830078	18.190723419189453
scanpy_seurat_v3_batch	scvi	clustering_eval	63	21.070744684	10.713866906300002	151.7256061183	8.161090850830078	30.044193267822266
scanpy_seurat_v3_batch	scvi	integration_eval	63	22.4547717618	10.10673427955	153.4131039185	8.161090850830078	30.044193267822266
scry	cellcharter	alignment_eval	18	96.34684123055	59.807346341449986	416.7477558386	14.979270935058594	23.761280059814453
scry	cellcharter	clustering_eval	63	98.8916720785	63.87846851069999	417.89546532	13.712387084960938	44.19995880126953
scry	cellcharter	integration_eval	63	98.9204891995	66.15103420895002	421.0623928057	13.712387084960938	44.19995880126953
scry	scvi	alignment_eval	18	75.08894895015001	58.63518037389999	303.9655021625	14.795782089233398	23.46676254272461
scry	scvi	clustering_eval	63	78.6647536298	64.17181123705001	304.9859869229	13.616741180419922	43.46981430053711
scry	scvi	integration_eval	63	78.9623691542	65.535750343	307.003241674	13.616741180419922	43.46981430053711
scsegindex	cellcharter	alignment_eval	16	693.89336133795	595.1408079806749	1209.7953823945	12.747709274291992	19.06957244873047
scsegindex	cellcharter	clustering_eval	56	309.7729318421	959.4079593243	1890.9656070573	11.399456024169922	39.47893142700195
scsegindex	cellcharter	integration_eval	56	310.2608051705	961.5246829779751	1892.9131401591	11.399456024169922	39.47893142700195
scsegindex	scvi	alignment_eval	16	678.29479921095	594.2781967867752	1192.5225422103	12.747709274291992	19.06957244873047
scsegindex	scvi	clustering_eval	56	291.7325252681	958.82968682635	1867.7634458449	11.399456024169922	39.47893142700195
scsegindex	scvi	integration_eval	56	291.98432189460004	959.9810885142	1869.0229858151	11.399456024169922	39.47893142700195
seurat_disp	cellcharter	alignment_eval	18	57.03585897665	13.080349932825001	203.0086309938	12.063199996948242	18.190723419189453
seurat_disp	cellcharter	clustering_eval	63	63.2950934581	31.09973575640001	234.0567369368	11.336566925048828	39.47893142700195
seurat_disp	cellcharter	integration_eval	63	65.0429984927	32.41409127319999	234.483189946	11.336566925048828	39.47893142700195
seurat_disp	scvi	alignment_eval	18	38.4807026987	12.019692451224998	158.5580985807	12.063199996948242	18.190723419189453
seurat_disp	scvi	clustering_eval	63	43.1099935202	33.09111290425	218.385636773	11.336566925048828	39.47893142700195
seurat_disp	scvi	integration_eval	63	44.8415205516	34.358605066799996	218.5586816324	11.336566925048828	39.47893142700195
seurat_mvp	cellcharter	alignment_eval	18	50.60298520745	15.163728524925006	68.7009311542	12.057065963745117	18.190723419189453
seurat_mvp	cellcharter	clustering_eval	63	58.5350175006	31.128620091849996	98.204753397	11.336566925048828	39.47893142700195
seurat_mvp	cellcharter	integration_eval	63	59.0541559989	31.423393868349997	100.9925129851	11.336566925048828	39.47893142700195
seurat_mvp	scvi	alignment_eval	18	35.4216847294	12.077845738475006	51.4266887186	12.057065963745117	18.190723419189453
seurat_mvp	scvi	clustering_eval	63	41.9033555826	30.364250161199998	80.5060790833	11.336566925048828	39.47893142700195
seurat_mvp	scvi	integration_eval	63	42.9119198741	30.753835475950005	82.6770091541	11.336566925048828	39.47893142700195
seurat_sct	cellcharter	alignment_eval	18	273.14726174625	80.820533911675	519.1186841037	12.375436782836914	19.06957244873047
seurat_sct	cellcharter	clustering_eval	63	334.9963030284	288.6292177913499	740.6718305107	11.336566925048828	39.47893142700195
seurat_sct	cellcharter	integration_eval	63	337.1640132181	287.87039179170006	740.9654673142	11.336566925048828	39.47893142700195
seurat_sct	scvi	alignment_eval	18	256.03364553865	78.01065718195002	485.6926900027	12.27385139465332	18.947505950927734
seurat_sct	scvi	clustering_eval	63	317.5982869826	288.76899649115	718.3141331049	11.336566925048828	39.47893142700195
seurat_sct	scvi	integration_eval	63	319.2989324275	287.9091366184499	718.4951703921	11.336566925048828	39.47893142700195
seurat_vst	cellcharter	alignment_eval	18	59.5933023249	19.918616427575003	186.8207125999	11.870841979980469	18.190723419189453
seurat_vst	cellcharter	clustering_eval	63	60.7073626332	39.12917533424999	187.215947153	11.328483581542969	39.47893142700195
seurat_vst	cellcharter	integration_eval	63	62.5102037359	40.50431501864999	189.4303017361	11.328483581542969	39.47893142700195
seurat_vst	scvi	alignment_eval	18	42.23612939285	18.368050676750002	167.8174389452	11.870841979980469	18.190723419189453
seurat_vst	scvi	clustering_eval	63	43.972984015	38.41423310009999	168.6640670896	11.328483581542969	39.47893142700195
seurat_vst	scvi	integration_eval	63	44.833168231	38.635657078049995	170.3574410425	11.328483581542969	39.47893142700195
singleCellHaystack	cellcharter	alignment_eval	18	115.38547533005	73.66590529074999	370.281540839	16.800090789794922	27.471511840820312
singleCellHaystack	cellcharter	clustering_eval	63	131.8123827549	49.61924767585002	370.9570561284	14.56167984008789	47.63331604003906
singleCellHaystack	cellcharter	integration_eval	63	133.2237446401	50.54415881130001	373.4787016278	14.56167984008789	47.63331604003906
singleCellHaystack	scvi	alignment_eval	18	97.3166146497	73.439148464925	315.8961235769	16.800090789794922	26.785404205322266
singleCellHaystack	scvi	clustering_eval	63	110.0960900467	46.42654477754999	316.8259832328	14.56167984008789	45.51499938964844
singleCellHaystack	scvi	integration_eval	63	110.2906690221	47.566243195900014	319.3422376858	14.56167984008789	45.51499938964844
somde	cellcharter	alignment_eval	18	37.40900318555	67.90251044415	221.1612729412	7.614706039428711	12.907756805419922
somde	cellcharter	clustering_eval	63	41.1174635477	29.423106914850003	221.4619083283	7.48663330078125	42.06159591674805
somde	cellcharter	integration_eval	63	42.5446065841	29.495958719449995	224.0661862213	7.48663330078125	42.06159591674805
somde	scvi	alignment_eval	18	20.471825465549998	65.44879693212499	201.4650584282	7.534490585327148	12.468280792236328
somde	scvi	clustering_eval	63	23.5106349913	22.949969053300002	202.2621944984	7.48663330078125	42.06159591674805
somde	scvi	integration_eval	63	24.3109091027	24.249296396949998	204.760321375	7.48663330078125	42.06159591674805
sparkx	cellcharter	alignment_eval	18	42.55864788405	91.6480354757	269.5597205311	6.938371658325195	11.838584899902344
sparkx	cellcharter	clustering_eval	63	45.2596768159	48.786303243099994	269.882788972	6.390110015869141	39.02212142944336
sparkx	cellcharter	integration_eval	63	46.6283717658	48.668413676300005	272.3139809743	6.390110015869141	39.02212142944336
sparkx	scvi	alignment_eval	18	24.752553577999997	90.08417433475	234.3172092317	6.580326080322266	10.64065933227539
sparkx	scvi	clustering_eval	63	26.2226667199	46.600380211150004	235.1391779538	6.390110015869141	36.60520553588867
sparkx	scvi	integration_eval	63	27.4663761193	46.154785702000005	236.8301366363	6.390110015869141	36.60520553588867
spatialde	cellcharter	alignment_eval	18	37.1140391161	69.42574384297501	240.6538530961	6.166105270385742	10.166297912597656
spatialde	cellcharter	clustering_eval	63	41.64599114	31.73988568784999	240.9036488766	6.282379150390625	29.838409423828125
spatialde	cellcharter	integration_eval	63	42.7840276444	32.06189867665	243.0196672007	6.282379150390625	29.838409423828125
spatialde	scvi	alignment_eval	18	19.636020232950003	65.744187066375	215.0752369314	5.957803726196289	10.166297912597656
spatialde	scvi	clustering_eval	63	23.6323984927	27.282589957600003	215.8876780747	6.038337707519531	27.621139526367188
spatialde	scvi	integration_eval	63	25.2575013647	27.212087559999997	217.6680393042	6.038337707519531	27.621139526367188
statistic_mean	cellcharter	alignment_eval	18	51.6020702906	96.17011615075	454.1261529159	22.10277557373047	34.36963653564453
statistic_mean	cellcharter	clustering_eval	63	49.5027310476	52.13022154385	455.789440535	19.415077209472656	57.64524459838867
statistic_mean	cellcharter	integration_eval	63	51.3743495578	52.994431955699994	458.8588956604	19.415077209472656	57.64524459838867
statistic_mean	scvi	alignment_eval	18	28.1816395568	93.9165244959	254.96307893	22.10277557373047	34.131309509277344
statistic_mean	scvi	clustering_eval	63	29.4795399383	48.7959615588	256.5831182869	19.237171173095703	57.64524459838867
statistic_mean	scvi	integration_eval	63	30.5710361078	50.04707501925	258.8623466156	19.237171173095703	57.64524459838867
statistic_variance	cellcharter	alignment_eval	18	44.4779309779	77.403191033275	293.9141891729	22.10277557373047	35.583030700683594
statistic_variance	cellcharter	clustering_eval	63	48.1271996433	56.724756617099985	294.3120730165	20.72333526611328	59.24211883544922
statistic_variance	cellcharter	integration_eval	63	50.7705970397	55.70335510235	297.1919839839	21.321025848388672	59.24211883544922
statistic_variance	scvi	alignment_eval	18	32.584584558399996	92.92367845027499	257.8680229438	22.10277557373047	35.583030700683594
statistic_variance	scvi	clustering_eval	63	31.0335258041	50.227418021300004	258.745849397	20.804241180419922	59.24211883544922
statistic_variance	scvi	integration_eval	63	31.9236103706	50.2289450728	260.641079613	20.804241180419922	59.24211883544922
triku	cellcharter	alignment_eval	18	92.47203667414999	31.60174787439999	217.1587798279	21.05475616455078	28.215450286865234
triku	cellcharter	clustering_eval	63	85.394737564	47.06079123080001	217.4004750429	16.764251708984375	57.64524459838867
triku	cellcharter	integration_eval	63	87.6055129571	47.710666178699995	220.2529884856	16.764251708984375	57.64524459838867
triku	scvi	alignment_eval	18	74.2778209639	32.12224880375	192.6127965199	21.05475616455078	28.215450286865234
triku	scvi	clustering_eval	63	66.1152051138	34.64469697465002	193.4809181439	16.764251708984375	57.64524459838867
triku	scvi	integration_eval	63	67.7974323295	35.59193227020001	195.2587991012	16.764251708984375	57.64524459838867
wilcoxon	cellcharter	alignment_eval	18	100.24802424805	159.933979389525	412.6362801362	22.113521575927734	35.583030700683594
wilcoxon	cellcharter	clustering_eval	45	104.9233670393	379.72552365440004	803.6201760108	22.290782928466797	60.4996337890625
wilcoxon	cellcharter	integration_eval	45	105.0510181747	382.3448279286	806.9208286973	22.290016174316406	60.4996337890625
wilcoxon	scvi	alignment_eval	18	82.4564819727	156.775444023775	393.8573804982	22.113521575927734	35.583030700683594
wilcoxon	scvi	clustering_eval	45	89.8264235826	354.4182985862	785.6827451503	22.144145965576172	60.4996337890625
wilcoxon	scvi	integration_eval	45	90.3401379585	355.79465913120004	788.8167033931	22.144145965576172	60.4996337890625
