fs_method	Method	Integrator	NFeatures	MeanDelta	SDDelta	NDatasets	NLabel
Brennecke	Brennecke	scVI	100	-0.10015305541279905	0.12654672254098245	7	100
Brennecke	Brennecke	scVI	200	-0.04952206907257416	0.11908217971952327	7	200
Brennecke	Brennecke	scVI	500	-0.0075847114888633205	0.09276428958802176	7	500
Brennecke	Brennecke	scVI	1000	-0.02696192891875071	0.06858550404536808	7	1,000
Brennecke	Brennecke	scVI	2000	0	0	7	2,000
Brennecke	Brennecke	scVI	5000	0.006140872904640874	0.03092064959426723	7	5,000
Brennecke	Brennecke	scVI	10000	-0.04336552629811761	0.04807907092283887	7	10,000
Brennecke	Brennecke	CellCharter	100	-0.08494526726977067	0.08288304481021376	7	100
Brennecke	Brennecke	CellCharter	200	-0.05082824973050931	0.047839387591662605	7	200
Brennecke	Brennecke	CellCharter	500	-0.03577832480632327	0.04592165782790507	7	500
Brennecke	Brennecke	CellCharter	1000	-0.018212457092648977	0.0395488963279088	7	1,000
Brennecke	Brennecke	CellCharter	2000	0	0	7	2,000
Brennecke	Brennecke	CellCharter	5000	-0.01727086938816545	0.025124680702146896	7	5,000
Brennecke	Brennecke	CellCharter	10000	-0.02757675878250136	0.04114969374854702	7	10,000
anticor	Anticor	scVI	100	0.02928033614952024	0.12344354348067044	7	100
anticor	Anticor	scVI	200	0.035001966699676194	0.10837479240728308	7	200
anticor	Anticor	scVI	500	0.04066419969283371	0.10728131559114376	7	500
anticor	Anticor	scVI	1000	0.03336735241800613	0.07636182576925521	7	1,000
anticor	Anticor	scVI	2000	0	0	7	2,000
anticor	Anticor	scVI	5000	-0.0336500569836207	0.04113702297243582	7	5,000
anticor	Anticor	scVI	10000	-0.07224273556914936	0.0813070534892886	7	10,000
anticor	Anticor	CellCharter	100	0.024834128755265757	0.021329298474522765	7	100
anticor	Anticor	CellCharter	200	0.009692881247210587	0.025869620528393724	7	200
anticor	Anticor	CellCharter	500	0.002333421860185068	0.009439860801894162	7	500
anticor	Anticor	CellCharter	1000	0.0037730710228770503	0.010674394525727913	7	1,000
anticor	Anticor	CellCharter	2000	0	0	7	2,000
anticor	Anticor	CellCharter	5000	-0.01482757767771546	0.028239243733136615	7	5,000
anticor	Anticor	CellCharter	10000	-0.028404575441603037	0.03254604942449046	7	10,000
dubstepr	DUBStepR	scVI	100	0.0031456062875424733	0.09307125291515268	7	100
dubstepr	DUBStepR	scVI	200	0.0095946854751388	0.10393028500638203	7	200
dubstepr	DUBStepR	scVI	500	0.024269899092773013	0.08331876182652163	7	500
dubstepr	DUBStepR	scVI	1000	0.014318749649399023	0.06052907941749073	7	1,000
dubstepr	DUBStepR	scVI	2000	0	0	7	2,000
dubstepr	DUBStepR	scVI	5000	-0.024366215215900655	0.053722694164340175	7	5,000
dubstepr	DUBStepR	scVI	10000	-0.024366215215900655	0.053722694164340175	7	10,000
dubstepr	DUBStepR	CellCharter	100	0.007889374955654862	0.041470933357271096	7	100
dubstepr	DUBStepR	CellCharter	200	0.0027245161167494775	0.039441204036552865	7	200
dubstepr	DUBStepR	CellCharter	500	0.006127475564845608	0.015517498703883236	7	500
dubstepr	DUBStepR	CellCharter	1000	0.0022169709961721773	0.012930558272958402	7	1,000
dubstepr	DUBStepR	CellCharter	2000	0	0	7	2,000
dubstepr	DUBStepR	CellCharter	5000	0.004508541851412505	0.005198544569306333	7	5,000
dubstepr	DUBStepR	CellCharter	10000	0.004508541851412505	0.005198544569306333	7	10,000
hotspot	Hotspot	scVI	100	0.00703777872921757	0.11852552945013692	7	100
hotspot	Hotspot	scVI	200	0.0299238832978008	0.13931290665637885	7	200
hotspot	Hotspot	scVI	500	0.02904980291621775	0.10560018637998454	7	500
hotspot	Hotspot	scVI	1000	-0.00882135532867653	0.025259978246802754	7	1,000
hotspot	Hotspot	scVI	2000	0	0	7	2,000
hotspot	Hotspot	scVI	5000	-0.006446973979226659	0.057409391729275755	7	5,000
hotspot	Hotspot	scVI	10000	-0.09026725227147385	0.1000394745236117	7	10,000
hotspot	Hotspot	CellCharter	100	-0.012569338458201264	0.03553945839149367	7	100
hotspot	Hotspot	CellCharter	200	-0.0011616353759238418	0.03134533984613759	7	200
hotspot	Hotspot	CellCharter	500	0.01174578732486063	0.02730546621324214	7	500
hotspot	Hotspot	CellCharter	1000	0.006014558550842637	0.012407475100977785	7	1,000
hotspot	Hotspot	CellCharter	2000	0	0	7	2,000
hotspot	Hotspot	CellCharter	5000	-0.022758260223271813	0.02750864964791517	7	5,000
hotspot	Hotspot	CellCharter	10000	-0.030045099484786047	0.024268621518425612	7	10,000
morans_i	Moran's I	scVI	100	0.03576127349401831	0.12106168180924348	7	100
morans_i	Moran's I	scVI	200	0.0519261186465569	0.11320885812606703	7	200
morans_i	Moran's I	scVI	500	0.047765360062075504	0.09754839515208556	7	500
morans_i	Moran's I	scVI	1000	0.04082919033767214	0.08578154729260157	7	1,000
morans_i	Moran's I	scVI	2000	0	0	7	2,000
morans_i	Moran's I	scVI	5000	-0.02360644462469496	0.03100039008206083	7	5,000
morans_i	Moran's I	scVI	10000	-0.08400396714518292	0.06952696892028866	7	10,000
morans_i	Moran's I	CellCharter	100	0.023141690498888336	0.0403686095807882	7	100
morans_i	Moran's I	CellCharter	200	0.014673498522701611	0.03177248267523923	7	200
morans_i	Moran's I	CellCharter	500	0.013719842257088222	0.019779935410314222	7	500
morans_i	Moran's I	CellCharter	1000	0.007610001026158687	0.01192637638320998	7	1,000
morans_i	Moran's I	CellCharter	2000	0	0	7	2,000
morans_i	Moran's I	CellCharter	5000	-0.011552018774737185	0.01760334866675459	7	5,000
morans_i	Moran's I	CellCharter	10000	-0.020383733328082156	0.018780376398239994	7	10,000
nbumi	NBumi	scVI	100	-0.023418283557591662	0.06542522775605517	7	100
nbumi	NBumi	scVI	200	-0.006581424948012837	0.05173181130192331	7	200
nbumi	NBumi	scVI	500	6.07365676729429e-4	0.045190255921699694	7	500
nbumi	NBumi	scVI	1000	0.010576651642460974	0.03018305807712994	7	1,000
nbumi	NBumi	scVI	2000	0	0	7	2,000
nbumi	NBumi	scVI	5000	-0.012060170193718236	0.03363136000156259	7	5,000
nbumi	NBumi	scVI	10000	-0.07730407831082443	0.0750282812780297	7	10,000
nbumi	NBumi	CellCharter	100	-0.011689868978609257	0.04204650061014554	7	100
nbumi	NBumi	CellCharter	200	-0.009098918996670004	0.02824439580005899	7	200
nbumi	NBumi	CellCharter	500	0.006048605323831351	0.017843483423730322	7	500
nbumi	NBumi	CellCharter	1000	-0.005098962019699853	0.024233318308460178	7	1,000
nbumi	NBumi	CellCharter	2000	0	0	7	2,000
nbumi	NBumi	CellCharter	5000	-0.023307902668801655	0.010942278441923345	7	5,000
nbumi	NBumi	CellCharter	10000	-0.033185179371083166	0.026592424288357935	7	10,000
nnsvg	nnSVG	scVI	100	0.02085465441616333	0.08981167649940827	7	100
nnsvg	nnSVG	scVI	200	0.035830129904258094	0.07846477678236465	7	200
nnsvg	nnSVG	scVI	500	0.02896845072440985	0.059855306512454805	7	500
nnsvg	nnSVG	scVI	1000	0.0254988990328397	0.05265446272449722	7	1,000
nnsvg	nnSVG	scVI	2000	0	0	7	2,000
nnsvg	nnSVG	scVI	5000	-0.06760856128340878	0.07401895497029794	7	5,000
nnsvg	nnSVG	scVI	10000	-0.07395517310841374	0.07911685975847337	7	10,000
nnsvg	nnSVG	CellCharter	100	0.02088186335384314	0.0374972118213033	7	100
nnsvg	nnSVG	CellCharter	200	0.024247087685679163	0.037104278606332135	7	200
nnsvg	nnSVG	CellCharter	500	0.011299102635685914	0.018819989550928857	7	500
nnsvg	nnSVG	CellCharter	1000	0.002860581616743899	0.014114800619364213	7	1,000
nnsvg	nnSVG	CellCharter	2000	0	0	7	2,000
nnsvg	nnSVG	CellCharter	5000	-0.003098428933081876	0.01873233397304327	7	5,000
nnsvg	nnSVG	CellCharter	10000	-0.010147727560506112	0.011692586168552907	7	10,000
osca	OSCA	scVI	100	0.0092291085001658	0.11008325894709378	7	100
osca	OSCA	scVI	200	0.0349756866913073	0.09458368232463342	7	200
osca	OSCA	scVI	500	0.025828073813071124	0.07711427982736059	7	500
osca	OSCA	scVI	1000	0.021213057250891492	0.06044159819671888	7	1,000
osca	OSCA	scVI	2000	0	0	7	2,000
osca	OSCA	scVI	5000	-0.02288538744213548	0.03027545266848875	7	5,000
osca	OSCA	scVI	10000	-0.06986956367270615	0.08729217469253446	7	10,000
osca	OSCA	CellCharter	100	0.010178310004900135	0.02923524625276569	7	100
osca	OSCA	CellCharter	200	0.012359367930972127	0.03200434118454081	7	200
osca	OSCA	CellCharter	500	0.01650069058425593	0.021245332105333414	7	500
osca	OSCA	CellCharter	1000	0.002151740745385885	0.015522676040708484	7	1,000
osca	OSCA	CellCharter	2000	0	0	7	2,000
osca	OSCA	CellCharter	5000	-0.004048636584721575	0.011682711310559776	7	5,000
osca	OSCA	CellCharter	10000	-0.013956163219910445	0.01568261331537677	7	10,000
scPNMF	scPNMF	scVI	100	0.01550330194240801	0.10874308101519627	7	100
scPNMF	scPNMF	scVI	200	0.027716127782307746	0.07625719428307906	7	200
scPNMF	scPNMF	scVI	500	0.030144489106320376	0.08253296698488952	7	500
scPNMF	scPNMF	scVI	1000	0.010543429927519174	0.03625117248176271	7	1,000
scPNMF	scPNMF	scVI	2000	0	0	7	2,000
scPNMF	scPNMF	scVI	5000	-0.043275204800849114	0.055711911432696035	7	5,000
scPNMF	scPNMF	scVI	10000	-0.054129069771490165	0.049410450578386084	7	10,000
scPNMF	scPNMF	CellCharter	100	1.1935465173954338e-4	0.0420925405589892	7	100
scPNMF	scPNMF	CellCharter	200	0.006536636883391646	0.025506226969442675	7	200
scPNMF	scPNMF	CellCharter	500	0.0139278667556311	0.02241920458255528	7	500
scPNMF	scPNMF	CellCharter	1000	0.006607220387376885	0.01916368399904381	7	1,000
scPNMF	scPNMF	CellCharter	2000	0	0	7	2,000
scPNMF	scPNMF	CellCharter	5000	-0.008936752263519341	0.02441394629361828	7	5,000
scPNMF	scPNMF	CellCharter	10000	-0.017431029703790308	0.02097997189800727	7	10,000
scanpy_cell_ranger	Scanpy Cell Ranger	scVI	100	-0.08305615538008132	0.036001372228035206	7	100
scanpy_cell_ranger	Scanpy Cell Ranger	scVI	200	-0.05396251688290415	0.033943631843533134	7	200
scanpy_cell_ranger	Scanpy Cell Ranger	scVI	500	-0.022661265942366966	0.030837013093401963	7	500
scanpy_cell_ranger	Scanpy Cell Ranger	scVI	1000	-0.016514662932066857	0.020958074565352532	7	1,000
scanpy_cell_ranger	Scanpy Cell Ranger	scVI	2000	0	0	7	2,000
scanpy_cell_ranger	Scanpy Cell Ranger	scVI	5000	-0.011715365890300549	0.08043403178239847	7	5,000
scanpy_cell_ranger	Scanpy Cell Ranger	scVI	10000	-0.020520984677216445	0.1431682131497545	7	10,000
scanpy_cell_ranger	Scanpy Cell Ranger	CellCharter	100	-0.04015475032726582	0.03878003373861312	7	100
scanpy_cell_ranger	Scanpy Cell Ranger	CellCharter	200	-0.011862788763937806	0.02347444638345493	7	200
scanpy_cell_ranger	Scanpy Cell Ranger	CellCharter	500	-0.0030327626650040423	0.020975594050995777	7	500
scanpy_cell_ranger	Scanpy Cell Ranger	CellCharter	1000	0.002733732589955335	0.01083599838789378	7	1,000
scanpy_cell_ranger	Scanpy Cell Ranger	CellCharter	2000	0	0	7	2,000
scanpy_cell_ranger	Scanpy Cell Ranger	CellCharter	5000	0.006020101175225857	0.032915307253832966	7	5,000
scanpy_cell_ranger	Scanpy Cell Ranger	CellCharter	10000	-0.0037777734286810827	0.0433792544392757	7	10,000
scanpy_cell_ranger_batch	Scanpy Cell Ranger, batch	scVI	100	-0.07808952718891966	0.04316522320734593	7	100
scanpy_cell_ranger_batch	Scanpy Cell Ranger, batch	scVI	200	-0.04541427518436474	0.05023479593940284	7	200
scanpy_cell_ranger_batch	Scanpy Cell Ranger, batch	scVI	500	-0.02696729442066976	0.030897816550953038	7	500
scanpy_cell_ranger_batch	Scanpy Cell Ranger, batch	scVI	1000	-0.01871730280030648	0.013853889080777093	7	1,000
scanpy_cell_ranger_batch	Scanpy Cell Ranger, batch	scVI	2000	0	0	7	2,000
scanpy_cell_ranger_batch	Scanpy Cell Ranger, batch	scVI	5000	0.011051088740790955	0.04666781168660541	7	5,000
scanpy_cell_ranger_batch	Scanpy Cell Ranger, batch	scVI	10000	-0.019070061094789377	0.13280343844702755	7	10,000
scanpy_cell_ranger_batch	Scanpy Cell Ranger, batch	CellCharter	100	-0.0450106309495104	0.05213533428740424	7	100
scanpy_cell_ranger_batch	Scanpy Cell Ranger, batch	CellCharter	200	-0.03399302765241092	0.03660345992555167	7	200
scanpy_cell_ranger_batch	Scanpy Cell Ranger, batch	CellCharter	500	-0.022269974366501973	0.01598353335655771	7	500
scanpy_cell_ranger_batch	Scanpy Cell Ranger, batch	CellCharter	1000	-0.005467795654616668	0.015284236095595902	7	1,000
scanpy_cell_ranger_batch	Scanpy Cell Ranger, batch	CellCharter	2000	0	0	7	2,000
scanpy_cell_ranger_batch	Scanpy Cell Ranger, batch	CellCharter	5000	-4.8392722044332537e-4	0.01679857270317751	7	5,000
scanpy_cell_ranger_batch	Scanpy Cell Ranger, batch	CellCharter	10000	-0.02566842745143297	0.03221873626922727	7	10,000
scanpy_pearson	Scanpy Pearson	scVI	100	-0.0016800720964706259	0.11810869504632993	7	100
scanpy_pearson	Scanpy Pearson	scVI	200	0.0018730529575382254	0.12703453809776324	7	200
scanpy_pearson	Scanpy Pearson	scVI	500	0.01812057465386585	0.10929028590605896	7	500
scanpy_pearson	Scanpy Pearson	scVI	1000	0.01682751314408088	0.07467058371090972	7	1,000
scanpy_pearson	Scanpy Pearson	scVI	2000	0	0	7	2,000
scanpy_pearson	Scanpy Pearson	scVI	5000	-0.006464462122076663	0.03939711200629851	7	5,000
scanpy_pearson	Scanpy Pearson	scVI	10000	-0.0552647074915225	0.06003540514611836	7	10,000
scanpy_pearson	Scanpy Pearson	CellCharter	100	-0.013533301111722542	0.0340853422375913	7	100
scanpy_pearson	Scanpy Pearson	CellCharter	200	4.891949161211733e-4	0.025207796618016923	7	200
scanpy_pearson	Scanpy Pearson	CellCharter	500	-0.0031083961602800087	0.025160984444220113	7	500
scanpy_pearson	Scanpy Pearson	CellCharter	1000	0.005773661258279684	0.018884391714307686	7	1,000
scanpy_pearson	Scanpy Pearson	CellCharter	2000	0	0	7	2,000
scanpy_pearson	Scanpy Pearson	CellCharter	5000	-0.010443677465027819	0.025603690117037982	7	5,000
scanpy_pearson	Scanpy Pearson	CellCharter	10000	-0.029919659791422287	0.03752473928512074	7	10,000
scanpy_pearson_batch	Scanpy Pearson, batch	scVI	100	0.012249474081813832	0.13680346510029448	7	100
scanpy_pearson_batch	Scanpy Pearson, batch	scVI	200	0.02746276117346139	0.13722839207647913	7	200
scanpy_pearson_batch	Scanpy Pearson, batch	scVI	500	0.03216240129473462	0.1133963691945111	7	500
scanpy_pearson_batch	Scanpy Pearson, batch	scVI	1000	0.030488107643975988	0.091273062868687	7	1,000
scanpy_pearson_batch	Scanpy Pearson, batch	scVI	2000	0	0	7	2,000
scanpy_pearson_batch	Scanpy Pearson, batch	scVI	5000	0.012598784328251495	0.037981045334638905	7	5,000
scanpy_pearson_batch	Scanpy Pearson, batch	scVI	10000	-0.01765312130917495	0.06175399958978523	7	10,000
scanpy_pearson_batch	Scanpy Pearson, batch	CellCharter	100	6.11427621397685e-4	0.027009461310957154	7	100
scanpy_pearson_batch	Scanpy Pearson, batch	CellCharter	200	-0.0028205203264176477	0.01854855886890665	7	200
scanpy_pearson_batch	Scanpy Pearson, batch	CellCharter	500	-0.0011018171092224455	0.01513200528516679	7	500
scanpy_pearson_batch	Scanpy Pearson, batch	CellCharter	1000	0.007139912304870243	0.01679631093451369	7	1,000
scanpy_pearson_batch	Scanpy Pearson, batch	CellCharter	2000	0	0	7	2,000
scanpy_pearson_batch	Scanpy Pearson, batch	CellCharter	5000	0.0020019523259033095	0.022386070305230932	7	5,000
scanpy_pearson_batch	Scanpy Pearson, batch	CellCharter	10000	-0.030643740318946993	0.03571897813502892	7	10,000
scanpy_seurat	Scanpy Seurat	scVI	100	-0.1460758105077729	0.11014706875569338	7	100
scanpy_seurat	Scanpy Seurat	scVI	200	-0.10536293394779163	0.08770378504561431	7	200
scanpy_seurat	Scanpy Seurat	scVI	500	-0.03250312088149341	0.032026544871824644	7	500
scanpy_seurat	Scanpy Seurat	scVI	1000	-0.017610090495808178	0.021126739707518948	7	1,000
scanpy_seurat	Scanpy Seurat	scVI	2000	0	0	7	2,000
scanpy_seurat	Scanpy Seurat	scVI	5000	-0.04236234881384471	0.13142770682368962	7	5,000
scanpy_seurat	Scanpy Seurat	scVI	10000	-0.05410660494405769	0.10098757121876936	7	10,000
scanpy_seurat	Scanpy Seurat	CellCharter	100	-0.1207938200861297	0.08517843924974357	7	100
scanpy_seurat	Scanpy Seurat	CellCharter	200	-0.06700433724022525	0.0652170026198818	7	200
scanpy_seurat	Scanpy Seurat	CellCharter	500	-0.023567132706929943	0.018810427548213677	7	500
scanpy_seurat	Scanpy Seurat	CellCharter	1000	-0.014920293275525878	0.017975439968015566	7	1,000
scanpy_seurat	Scanpy Seurat	CellCharter	2000	0	0	7	2,000
scanpy_seurat	Scanpy Seurat	CellCharter	5000	-0.008457169510921505	0.027162728751233604	7	5,000
scanpy_seurat	Scanpy Seurat	CellCharter	10000	-0.022837242473479798	0.0377198193950687	7	10,000
scanpy_seurat_batch	Scanpy Seurat, batch	scVI	100	-0.06088768866536811	0.06714890271770035	7	100
scanpy_seurat_batch	Scanpy Seurat, batch	scVI	200	-0.03544482542483394	0.04674836636330122	7	200
scanpy_seurat_batch	Scanpy Seurat, batch	scVI	500	-0.006097645756378588	0.056521065521608634	7	500
scanpy_seurat_batch	Scanpy Seurat, batch	scVI	1000	0.014718235393722523	0.04235865192184252	7	1,000
scanpy_seurat_batch	Scanpy Seurat, batch	scVI	2000	0	0	7	2,000
scanpy_seurat_batch	Scanpy Seurat, batch	scVI	5000	-0.013437213255882843	0.04917887657218181	7	5,000
scanpy_seurat_batch	Scanpy Seurat, batch	scVI	10000	-0.05204120307142751	0.08415626454449095	7	10,000
scanpy_seurat_batch	Scanpy Seurat, batch	CellCharter	100	-0.04581514732718741	0.06468854905800274	7	100
scanpy_seurat_batch	Scanpy Seurat, batch	CellCharter	200	-0.04084257859697015	0.058053261635279185	7	200
scanpy_seurat_batch	Scanpy Seurat, batch	CellCharter	500	-0.029339755835321685	0.06422199376983348	7	500
scanpy_seurat_batch	Scanpy Seurat, batch	CellCharter	1000	-0.0014416911557665652	0.02568928490128333	7	1,000
scanpy_seurat_batch	Scanpy Seurat, batch	CellCharter	2000	0	0	7	2,000
scanpy_seurat_batch	Scanpy Seurat, batch	CellCharter	5000	0.007735808543920609	0.014731810521712114	7	5,000
scanpy_seurat_batch	Scanpy Seurat, batch	CellCharter	10000	-0.015444366175365709	0.037401831698895605	7	10,000
scanpy_seurat_v3	Scanpy Seurat v3	scVI	100	-0.05792437518072459	0.028414274569509942	7	100
scanpy_seurat_v3	Scanpy Seurat v3	scVI	200	-0.03390911498923549	0.04410632339126419	7	200
scanpy_seurat_v3	Scanpy Seurat v3	scVI	500	-0.008030323555031051	0.03151249955823391	7	500
scanpy_seurat_v3	Scanpy Seurat v3	scVI	1000	0.0018448935580393272	0.036989908775137345	7	1,000
scanpy_seurat_v3	Scanpy Seurat v3	scVI	2000	0	0	7	2,000
scanpy_seurat_v3	Scanpy Seurat v3	scVI	5000	-0.03228961510071371	0.05433710830682313	7	5,000
scanpy_seurat_v3	Scanpy Seurat v3	scVI	10000	-0.075090057360692	0.07785934501567889	7	10,000
scanpy_seurat_v3	Scanpy Seurat v3	CellCharter	100	-0.023172984322572927	0.027478759855815337	7	100
scanpy_seurat_v3	Scanpy Seurat v3	CellCharter	200	-0.02323504153202987	0.03721521296606797	7	200
scanpy_seurat_v3	Scanpy Seurat v3	CellCharter	500	-0.01127182163870734	0.024745275650103014	7	500
scanpy_seurat_v3	Scanpy Seurat v3	CellCharter	1000	-0.006961521048159994	0.021870110877048383	7	1,000
scanpy_seurat_v3	Scanpy Seurat v3	CellCharter	2000	0	0	7	2,000
scanpy_seurat_v3	Scanpy Seurat v3	CellCharter	5000	-0.010263226628408617	0.022914018785045145	7	5,000
scanpy_seurat_v3	Scanpy Seurat v3	CellCharter	10000	-0.02276081072554684	0.02472709137884072	7	10,000
scanpy_seurat_v3_batch	Scanpy Seurat v3, batch	scVI	100	-0.05651561042966035	0.08361105282020304	7	100
scanpy_seurat_v3_batch	Scanpy Seurat v3, batch	scVI	200	-0.019436711670491387	0.08407429108585157	7	200
scanpy_seurat_v3_batch	Scanpy Seurat v3, batch	scVI	500	0.0030367444125645815	0.07565222094771905	7	500
scanpy_seurat_v3_batch	Scanpy Seurat v3, batch	scVI	1000	0.0120264919949441	0.062025049256267145	7	1,000
scanpy_seurat_v3_batch	Scanpy Seurat v3, batch	scVI	2000	0	0	7	2,000
scanpy_seurat_v3_batch	Scanpy Seurat v3, batch	scVI	5000	-0.03377917356646293	0.09275524990985871	7	5,000
scanpy_seurat_v3_batch	Scanpy Seurat v3, batch	scVI	10000	-0.04424481431532607	0.0646949911287543	7	10,000
scanpy_seurat_v3_batch	Scanpy Seurat v3, batch	CellCharter	100	-0.02605371263594033	0.04050212260509896	7	100
scanpy_seurat_v3_batch	Scanpy Seurat v3, batch	CellCharter	200	-6.527596663180908e-4	0.02214226885863194	7	200
scanpy_seurat_v3_batch	Scanpy Seurat v3, batch	CellCharter	500	0.004438217526655979	0.019957272587708283	7	500
scanpy_seurat_v3_batch	Scanpy Seurat v3, batch	CellCharter	1000	-0.004151688185226028	0.017829406187257764	7	1,000
scanpy_seurat_v3_batch	Scanpy Seurat v3, batch	CellCharter	2000	0	0	7	2,000
scanpy_seurat_v3_batch	Scanpy Seurat v3, batch	CellCharter	5000	-0.00222637952105106	0.018382192954843557	7	5,000
scanpy_seurat_v3_batch	Scanpy Seurat v3, batch	CellCharter	10000	-0.024528656762886625	0.025403499029780764	7	10,000
scry	scry	scVI	100	0.06608401036584509	0.1243100213134866	7	100
scry	scry	scVI	200	0.06534220867204014	0.12828638093982925	7	200
scry	scry	scVI	500	0.0629762756173916	0.12136246519829536	7	500
scry	scry	scVI	1000	0.05132956150635541	0.10425387424614305	7	1,000
scry	scry	scVI	2000	0	0	7	2,000
scry	scry	scVI	5000	-0.015088270307530436	0.027967696426167872	7	5,000
scry	scry	scVI	10000	-0.06135712230382456	0.05724263195710642	7	10,000
scry	scry	CellCharter	100	0.031175678691264665	0.04300605804872981	7	100
scry	scry	CellCharter	200	0.02578133815075437	0.033307301996815496	7	200
scry	scry	CellCharter	500	0.008548261018908694	0.024869385688548122	7	500
scry	scry	CellCharter	1000	0.008240351430277617	0.01846697119829226	7	1,000
scry	scry	CellCharter	2000	0	0	7	2,000
scry	scry	CellCharter	5000	-0.01272906800773388	0.006927179147243837	7	5,000
scry	scry	CellCharter	10000	-0.01677973971922913	0.01812818423806081	7	10,000
seurat_disp	Seurat Dispersion	scVI	100	-0.06680214376518508	0.15369431070383024	7	100
seurat_disp	Seurat Dispersion	scVI	200	-0.014656847747504032	0.13240899642021187	7	200
seurat_disp	Seurat Dispersion	scVI	500	0.012851164155246437	0.103106760283926	7	500
seurat_disp	Seurat Dispersion	scVI	1000	0.006323508004812787	0.07622583627241644	7	1,000
seurat_disp	Seurat Dispersion	scVI	2000	0	0	7	2,000
seurat_disp	Seurat Dispersion	scVI	5000	-0.016792073397553824	0.035814934161304116	7	5,000
seurat_disp	Seurat Dispersion	scVI	10000	-0.07252657209869702	0.07657194899617588	7	10,000
seurat_disp	Seurat Dispersion	CellCharter	100	-0.06361937013103185	0.07203522549228909	7	100
seurat_disp	Seurat Dispersion	CellCharter	200	-0.04284004334997182	0.0758154370623245	7	200
seurat_disp	Seurat Dispersion	CellCharter	500	-0.007485453705076361	0.044471633058298196	7	500
seurat_disp	Seurat Dispersion	CellCharter	1000	0.005826439596079932	0.019780402191936605	7	1,000
seurat_disp	Seurat Dispersion	CellCharter	2000	0	0	7	2,000
seurat_disp	Seurat Dispersion	CellCharter	5000	-0.011895308212575562	0.034678075267820595	7	5,000
seurat_disp	Seurat Dispersion	CellCharter	10000	-0.026252879224728805	0.0372177326322017	7	10,000
seurat_mvp	Seurat MVP	scVI	100	-0.07995125453345334	0.05593991175548582	7	100
seurat_mvp	Seurat MVP	scVI	200	-0.04880187546163793	0.04403253468578136	7	200
seurat_mvp	Seurat MVP	scVI	500	-0.007570443839910124	0.032441829925676936	7	500
seurat_mvp	Seurat MVP	scVI	1000	0.003270101571890941	0.019969525286654643	7	1,000
seurat_mvp	Seurat MVP	scVI	2000	0	0	7	2,000
seurat_mvp	Seurat MVP	scVI	5000	0.0029883504271102567	0.01346684176528403	7	5,000
seurat_mvp	Seurat MVP	scVI	10000	0.0029883504271102567	0.01346684176528403	7	10,000
seurat_mvp	Seurat MVP	CellCharter	100	-0.05702708127409902	0.060302860401012695	7	100
seurat_mvp	Seurat MVP	CellCharter	200	-0.03697255478981417	0.08263774829777211	7	200
seurat_mvp	Seurat MVP	CellCharter	500	-0.007450798639336017	0.02570084679574749	7	500
seurat_mvp	Seurat MVP	CellCharter	1000	-0.02241832610162529	0.03453873330749648	7	1,000
seurat_mvp	Seurat MVP	CellCharter	2000	0	0	7	2,000
seurat_mvp	Seurat MVP	CellCharter	5000	-0.003004433949887697	0.013429154480677264	7	5,000
seurat_mvp	Seurat MVP	CellCharter	10000	-0.003004433949887697	0.013429154480677264	7	10,000
seurat_sct	Seurat sctransform	scVI	100	-0.03247165062908458	0.09004788249833068	7	100
seurat_sct	Seurat sctransform	scVI	200	-0.007667517798544339	0.07813486930353757	7	200
seurat_sct	Seurat sctransform	scVI	500	0.007446218070118106	0.06634224881164948	7	500
seurat_sct	Seurat sctransform	scVI	1000	0.009420410276162092	0.05658386170637685	7	1,000
seurat_sct	Seurat sctransform	scVI	2000	0	0	7	2,000
seurat_sct	Seurat sctransform	scVI	5000	-0.032465910048690795	0.1089242918283411	7	5,000
seurat_sct	Seurat sctransform	scVI	10000	-0.07516389807360217	0.1454069678859071	7	10,000
seurat_sct	Seurat sctransform	CellCharter	100	-3.0650173847867376e-4	0.021506399418556303	7	100
seurat_sct	Seurat sctransform	CellCharter	200	4.8776235642007074e-4	0.013251743575550456	7	200
seurat_sct	Seurat sctransform	CellCharter	500	-0.013442020417341216	0.02592734864133221	7	500
seurat_sct	Seurat sctransform	CellCharter	1000	-0.008914366486413647	0.02087515590334526	7	1,000
seurat_sct	Seurat sctransform	CellCharter	2000	0	0	7	2,000
seurat_sct	Seurat sctransform	CellCharter	5000	0.01881477796318004	0.048352624277402896	7	5,000
seurat_sct	Seurat sctransform	CellCharter	10000	-8.940649338201363e-4	0.04669254383869018	7	10,000
seurat_vst	Seurat VST	scVI	100	-0.061115231325480655	0.030291778348491647	7	100
seurat_vst	Seurat VST	scVI	200	-0.03365816012336999	0.03869788986807854	7	200
seurat_vst	Seurat VST	scVI	500	-0.005440366951619821	0.021137592029380863	7	500
seurat_vst	Seurat VST	scVI	1000	0.005102006154977071	0.03291127709321589	7	1,000
seurat_vst	Seurat VST	scVI	2000	0	0	7	2,000
seurat_vst	Seurat VST	scVI	5000	-0.050658215581625324	0.07298863681745484	7	5,000
seurat_vst	Seurat VST	scVI	10000	-0.07277077957850539	0.07751775874932701	7	10,000
seurat_vst	Seurat VST	CellCharter	100	-0.014965979686042423	0.03094779377659353	7	100
seurat_vst	Seurat VST	CellCharter	200	-0.019083751093010526	0.03582511833956999	7	200
seurat_vst	Seurat VST	CellCharter	500	-0.009881235714700978	0.03736351820004354	7	500
seurat_vst	Seurat VST	CellCharter	1000	3.69608383770489e-4	0.022611684051835303	7	1,000
seurat_vst	Seurat VST	CellCharter	2000	0	0	7	2,000
seurat_vst	Seurat VST	CellCharter	5000	-0.008366657940706568	0.012104020779646436	7	5,000
seurat_vst	Seurat VST	CellCharter	10000	-0.022029856911693617	0.024049881487046308	7	10,000
singleCellHaystack	singleCellHaystack	scVI	100	-0.09777244963739996	0.06059180012375228	7	100
singleCellHaystack	singleCellHaystack	scVI	200	-0.05285830961357214	0.03993530804475423	7	200
singleCellHaystack	singleCellHaystack	scVI	500	-0.03597388904054026	0.04636203004154352	7	500
singleCellHaystack	singleCellHaystack	scVI	1000	-0.015849453479321294	0.02431971562577102	7	1,000
singleCellHaystack	singleCellHaystack	scVI	2000	0	0	7	2,000
singleCellHaystack	singleCellHaystack	scVI	5000	-0.026825261266978047	0.06346579571323138	7	5,000
singleCellHaystack	singleCellHaystack	scVI	10000	-0.05428302782094734	0.10712971422388899	7	10,000
singleCellHaystack	singleCellHaystack	CellCharter	100	-0.035821360141339666	0.054710336718728686	7	100
singleCellHaystack	singleCellHaystack	CellCharter	200	-0.0020916752210578776	0.04707965141542104	7	200
singleCellHaystack	singleCellHaystack	CellCharter	500	0.015128418698877488	0.030517653720434797	7	500
singleCellHaystack	singleCellHaystack	CellCharter	1000	0.00993991042199446	0.019512446690556646	7	1,000
singleCellHaystack	singleCellHaystack	CellCharter	2000	0	0	7	2,000
singleCellHaystack	singleCellHaystack	CellCharter	5000	-0.016100891360084555	0.012240471200342959	7	5,000
singleCellHaystack	singleCellHaystack	CellCharter	10000	-0.030835126721066284	0.014325356451432516	7	10,000
somde	SOMDE	scVI	100	0.007676446074512852	0.12469352742830589	7	100
somde	SOMDE	scVI	200	0.02575028437272748	0.11816603598553989	7	200
somde	SOMDE	scVI	500	0.03310155259407986	0.1108527104538636	7	500
somde	SOMDE	scVI	1000	0.04310734361870229	0.10219465797440339	7	1,000
somde	SOMDE	scVI	2000	0	0	7	2,000
somde	SOMDE	scVI	5000	-0.03568547717153493	0.04211471525423424	7	5,000
somde	SOMDE	scVI	10000	-0.07656390190879789	0.09440573072924036	7	10,000
somde	SOMDE	CellCharter	100	0.0164390649964086	0.029394729678027493	7	100
somde	SOMDE	CellCharter	200	0.007754955152774737	0.02930534750030791	7	200
somde	SOMDE	CellCharter	500	0.006097023344385143	0.020045527126328882	7	500
somde	SOMDE	CellCharter	1000	0.011358703418755698	0.010921793159761698	7	1,000
somde	SOMDE	CellCharter	2000	0	0	7	2,000
somde	SOMDE	CellCharter	5000	-0.009781790218652362	0.02717142795778352	7	5,000
somde	SOMDE	CellCharter	10000	-0.020959809692870528	0.024039856030505544	7	10,000
sparkx	SPARK-X	scVI	100	0.017203982518023242	0.10100023348222269	7	100
sparkx	SPARK-X	scVI	200	0.019329428904734738	0.09081189609537017	7	200
sparkx	SPARK-X	scVI	500	0.036153633220761296	0.08237970350910102	7	500
sparkx	SPARK-X	scVI	1000	0.016327941456570683	0.03789577273590853	7	1,000
sparkx	SPARK-X	scVI	2000	0	0	7	2,000
sparkx	SPARK-X	scVI	5000	-0.04173511544978601	0.07403591111347159	7	5,000
sparkx	SPARK-X	scVI	10000	-0.05796875915127416	0.07983836245413366	7	10,000
sparkx	SPARK-X	CellCharter	100	0.027151901988766713	0.05378442678557089	7	100
sparkx	SPARK-X	CellCharter	200	0.030358473943851366	0.03405650189411616	7	200
sparkx	SPARK-X	CellCharter	500	0.0135088892592132	0.01676781598174366	7	500
sparkx	SPARK-X	CellCharter	1000	0.00963631061429834	0.012974522353492403	7	1,000
sparkx	SPARK-X	CellCharter	2000	0	0	7	2,000
sparkx	SPARK-X	CellCharter	5000	-0.005751130291410437	0.016447389180970513	7	5,000
sparkx	SPARK-X	CellCharter	10000	-0.014405297830089672	0.017742502385848017	7	10,000
spatialde	SpatialDE	scVI	100	0.01800305324361002	0.10603206262708609	7	100
spatialde	SpatialDE	scVI	200	0.0356666961753518	0.09959241630426059	7	200
spatialde	SpatialDE	scVI	500	0.035263216091895075	0.08719929124019851	7	500
spatialde	SpatialDE	scVI	1000	0.0124868586498129	0.025078417276900626	7	1,000
spatialde	SpatialDE	scVI	2000	0	0	7	2,000
spatialde	SpatialDE	scVI	5000	-0.05165201736188666	0.07000143264545955	7	5,000
spatialde	SpatialDE	scVI	10000	-0.06627674184932923	0.09259838298910678	7	10,000
spatialde	SpatialDE	CellCharter	100	0.014980846598999802	0.032574010119232784	7	100
spatialde	SpatialDE	CellCharter	200	0.01210184988066132	0.027117789900349992	7	200
spatialde	SpatialDE	CellCharter	500	0.00865010066828393	0.028191793792136658	7	500
spatialde	SpatialDE	CellCharter	1000	0.006091474681369407	0.014677238872661277	7	1,000
spatialde	SpatialDE	CellCharter	2000	0	0	7	2,000
spatialde	SpatialDE	CellCharter	5000	-0.02613447264499296	0.023335482406197542	7	5,000
spatialde	SpatialDE	CellCharter	10000	-0.027954938049272373	0.02295562858706838	7	10,000
statistic_mean	Mean expression	scVI	100	0.029872397775771442	0.09227151050502712	7	100
statistic_mean	Mean expression	scVI	200	0.0327021970449834	0.059972941494170366	7	200
statistic_mean	Mean expression	scVI	500	0.025896383477019915	0.043834320407579765	7	500
statistic_mean	Mean expression	scVI	1000	-0.004856722150284186	0.03140427954921026	7	1,000
statistic_mean	Mean expression	scVI	2000	0	0	7	2,000
statistic_mean	Mean expression	scVI	5000	-0.01782235877171232	0.01765362671402696	7	5,000
statistic_mean	Mean expression	scVI	10000	-0.047065325122877956	0.0614743959285658	7	10,000
statistic_mean	Mean expression	CellCharter	100	0.0316691585804793	0.04930197243500281	7	100
statistic_mean	Mean expression	CellCharter	200	0.014071808733220701	0.0328138633510644	7	200
statistic_mean	Mean expression	CellCharter	500	0.010739744558593136	0.027960708699117442	7	500
statistic_mean	Mean expression	CellCharter	1000	0.004502380876291623	0.016751972088893174	7	1,000
statistic_mean	Mean expression	CellCharter	2000	0	0	7	2,000
statistic_mean	Mean expression	CellCharter	5000	-0.011278416347451683	0.021078517753718346	7	5,000
statistic_mean	Mean expression	CellCharter	10000	-0.0200666002097972	0.018143774346303876	7	10,000
statistic_variance	Expression variance	scVI	100	0.04361836453820001	0.10408206254881511	7	100
statistic_variance	Expression variance	scVI	200	0.05517898938635696	0.09269205602509213	7	200
statistic_variance	Expression variance	scVI	500	0.037602781314566916	0.07570408785125352	7	500
statistic_variance	Expression variance	scVI	1000	0.004801992783840835	0.024970359531625425	7	1,000
statistic_variance	Expression variance	scVI	2000	0	0	7	2,000
statistic_variance	Expression variance	scVI	5000	-0.02984701282645171	0.03458656896925906	7	5,000
statistic_variance	Expression variance	scVI	10000	-0.05545935199538199	0.07766177275282188	7	10,000
statistic_variance	Expression variance	CellCharter	100	0.02385945610511932	0.0449156681101037	7	100
statistic_variance	Expression variance	CellCharter	200	0.01990756031580763	0.03174720358235228	7	200
statistic_variance	Expression variance	CellCharter	500	0.014499028483138951	0.023412507440568154	7	500
statistic_variance	Expression variance	CellCharter	1000	0.013693976145898639	0.01924536729451904	7	1,000
statistic_variance	Expression variance	CellCharter	2000	0	0	7	2,000
statistic_variance	Expression variance	CellCharter	5000	-0.009322758267154055	0.010945780155135946	7	5,000
statistic_variance	Expression variance	CellCharter	10000	-0.025199818393476865	0.019166898866348123	7	10,000
triku	triku	scVI	100	-0.23614431685765733	0.12199850929454568	7	100
triku	triku	scVI	200	-0.12089097629771207	0.07366484510028175	7	200
triku	triku	scVI	500	-0.02333522493639622	0.029038609153266955	7	500
triku	triku	scVI	1000	-0.008166179355371879	0.011253140478683383	7	1,000
triku	triku	scVI	2000	0	0	7	2,000
triku	triku	scVI	5000	-0.044795493552659375	0.0902434402130185	7	5,000
triku	triku	scVI	10000	-0.09029262635744197	0.08738011485940611	7	10,000
triku	triku	CellCharter	100	-0.12145641567098027	0.09503238560824319	7	100
triku	triku	CellCharter	200	-0.026631940280937676	0.062310118352363573	7	200
triku	triku	CellCharter	500	0.007610338723928404	0.01887930861070366	7	500
triku	triku	CellCharter	1000	0.0014900030183370636	0.025044398340179654	7	1,000
triku	triku	CellCharter	2000	0	0	7	2,000
triku	triku	CellCharter	5000	-0.00869654435863611	0.01921400478346472	7	5,000
triku	triku	CellCharter	10000	-0.014111068049069189	0.030538524109741484	7	10,000
